{
  "version": "5.2.0",
  "flags": {},
  "shapes": [
    {
      "line_color": null,
      "fill_color": null,
      "label": "text",
      "points": [
        [
          85,
          733
        ],
        [
          111,
          733
        ],
        [
          111,
          767
        ],
        [
          85,
          767
        ]
      ],
      "group_id": 0,
      "description": null,
      "shape_type": "polygon",
      "flags": {}
    },
    {
      "line_color": null,
      "fill_color": null,
      "label": "text",
      "points": [
        [
          624,
          343
        ],
        [
          682,
          343
        ],
        [
          682,
          377
        ],
        [
          624,
          377
        ]
      ],
      "group_id": 1,
      "description": null,
      "shape_type": "polygon",
      "flags": {}
    },
    {
      "line_color": null,
      "fill_color": null,
      "label": "text",
      "points": [
        [
          107,
          539
        ],
        [
          127,
          539
        ],
        [
          127,
          567
        ],
        [
          107,
          567
        ]
      ],
      "group_id": 2,
      "description": null,
      "shape_type": "polygon",
      "flags": {}
    },
    {
      "line_color": null,
      "fill_color": null,
      "label": "text",
      "points": [
        [
          456,
          159
        ],
        [
          610,
          159
        ],
        [
          610,
          211
        ],
        [
          456,
          211
        ]
      ],
      "group_id": 3,
      "description": null,
      "shape_type": "polygon",
      "flags": {}
    },
    {
      "line_color": null,
      "fill_color": null,
      "label": "text",
      "points": [
        [
          871,
          329
        ],
        [
          937,
          326
        ],
        [
          940,
          359
        ],
        [
          873,
          372
        ]
      ],
      "group_id": 4,
      "description": null,
      "shape_type": "polygon",
      "flags": {}
    },
    {
      "line_color": null,
      "fill_color": null,
      "label": "text",
      "points": [
        [
          456,
          340
        ],
        [
          518,
          340
        ],
        [
          518,
          374
        ],
        [
          456,
          374
        ]
      ],
      "group_id": 5,
      "description": null,
      "shape_type": "polygon",
      "flags": {}
    },
    {
      "line_color": null,
      "fill_color": null,
      "label": "text",
      "points": [
        [
          316,
          569
        ],
        [
          344,
          569
        ],
        [
          342,
          604
        ],
        [
          337.4892087351024,
          606.9274073729341
        ],
        [
          322.7063636180942,
          607.2983501339124
        ],
        [
          318,
          601
        ]
      ],
      "group_id": 6,
      "description": null,
      "shape_type": "polygon",
      "flags": {}
    },
    {
      "line_color": null,
      "fill_color": null,
      "label": "junction",
      "points": [
        [
          686,
          472
        ],
        [
          700,
          472
        ],
        [
          700,
          486
        ],
        [
          686,
          486
        ]
      ],
      "group_id": 7,
      "description": null,
      "shape_type": "polygon",
      "flags": {}
    },
    {
      "line_color": null,
      "fill_color": null,
      "label": "text",
      "points": [
        [
          90,
          633
        ],
        [
          110,
          633
        ],
        [
          110,
          669
        ],
        [
          90,
          669
        ]
      ],
      "group_id": 8,
      "description": null,
      "shape_type": "polygon",
      "flags": {}
    },
    {
      "line_color": null,
      "fill_color": null,
      "label": "junction",
      "points": [
        [
          929,
          539
        ],
        [
          941,
          539
        ],
        [
          941,
          553
        ],
        [
          929,
          553
        ]
      ],
      "group_id": 9,
      "description": null,
      "shape_type": "polygon",
      "flags": {}
    },
    {
      "line_color": null,
      "fill_color": null,
      "label": "junction",
      "points": [
        [
          535,
          471
        ],
        [
          549,
          471
        ],
        [
          549,
          485
        ],
        [
          535,
          485
        ]
      ],
      "group_id": 10,
      "description": null,
      "shape_type": "polygon",
      "flags": {}
    },
    {
      "line_color": null,
      "fill_color": null,
      "label": "junction",
      "points": [
        [
          1182,
          760
        ],
        [
          1198,
          760
        ],
        [
          1198,
          776
        ],
        [
          1182,
          776
        ]
      ],
      "group_id": 11,
      "description": null,
      "shape_type": "polygon",
      "flags": {}
    },
    {
      "line_color": null,
      "fill_color": null,
      "label": "junction",
      "points": [
        [
          174,
          547
        ],
        [
          186,
          547
        ],
        [
          186,
          559
        ],
        [
          174,
          559
        ]
      ],
      "group_id": 12,
      "description": null,
      "shape_type": "polygon",
      "flags": {}
    },
    {
      "line_color": null,
      "fill_color": null,
      "label": "junction",
      "points": [
        [
          763,
          701
        ],
        [
          777,
          701
        ],
        [
          777,
          715
        ],
        [
          763,
          715
        ]
      ],
      "group_id": 13,
      "description": null,
      "shape_type": "polygon",
      "flags": {}
    },
    {
      "line_color": null,
      "fill_color": null,
      "label": "junction",
      "points": [
        [
          976,
          699
        ],
        [
          990,
          699
        ],
        [
          990,
          713
        ],
        [
          976,
          713
        ]
      ],
      "group_id": 14,
      "description": null,
      "shape_type": "polygon",
      "flags": {}
    },
    {
      "line_color": null,
      "fill_color": null,
      "label": "junction",
      "points": [
        [
          733,
          645
        ],
        [
          747,
          645
        ],
        [
          747,
          659
        ],
        [
          733,
          659
        ]
      ],
      "group_id": 15,
      "description": null,
      "shape_type": "polygon",
      "flags": {}
    },
    {
      "line_color": null,
      "fill_color": null,
      "label": "junction",
      "points": [
        [
          204,
          706
        ],
        [
          218,
          706
        ],
        [
          218,
          720
        ],
        [
          204,
          720
        ]
      ],
      "group_id": 16,
      "description": null,
      "shape_type": "polygon",
      "flags": {}
    },
    {
      "line_color": null,
      "fill_color": null,
      "label": "junction",
      "points": [
        [
          1131,
          641
        ],
        [
          1145,
          641
        ],
        [
          1145,
          655
        ],
        [
          1131,
          655
        ]
      ],
      "group_id": 17,
      "description": null,
      "shape_type": "polygon",
      "flags": {}
    },
    {
      "line_color": null,
      "fill_color": null,
      "label": "text",
      "points": [
        [
          995,
          125
        ],
        [
          1175,
          125
        ],
        [
          1175,
          165
        ],
        [
          995,
          165
        ]
      ],
      "group_id": 18,
      "description": null,
      "shape_type": "polygon",
      "flags": {}
    },
    {
      "line_color": null,
      "fill_color": null,
      "label": "text",
      "points": [
        [
          1051,
          349
        ],
        [
          1111,
          349
        ],
        [
          1114,
          373
        ],
        [
          1050,
          384
        ]
      ],
      "group_id": 19,
      "description": null,
      "shape_type": "polygon",
      "flags": {}
    },
    {
      "line_color": null,
      "fill_color": null,
      "label": "junction",
      "points": [
        [
          832,
          171
        ],
        [
          844,
          171
        ],
        [
          844,
          181
        ],
        [
          832,
          181
        ]
      ],
      "group_id": 20,
      "description": null,
      "shape_type": "polygon",
      "flags": {}
    },
    {
      "line_color": null,
      "fill_color": null,
      "label": "junction",
      "points": [
        [
          168,
          657
        ],
        [
          180,
          657
        ],
        [
          180,
          669
        ],
        [
          168,
          669
        ]
      ],
      "group_id": 21,
      "description": null,
      "shape_type": "polygon",
      "flags": {}
    },
    {
      "line_color": null,
      "fill_color": null,
      "label": "junction",
      "points": [
        [
          164,
          759
        ],
        [
          178,
          759
        ],
        [
          178,
          773
        ],
        [
          164,
          773
        ]
      ],
      "group_id": 22,
      "description": null,
      "shape_type": "polygon",
      "flags": {}
    },
    {
      "line_color": null,
      "fill_color": null,
      "label": "terminal",
      "points": [
        [
          139,
          548
        ],
        [
          149,
          548
        ],
        [
          149,
          558
        ],
        [
          139,
          558
        ]
      ],
      "group_id": 23,
      "description": null,
      "shape_type": "polygon",
      "flags": {}
    },
    {
      "line_color": null,
      "fill_color": null,
      "label": "junction",
      "points": [
        [
          950,
          584
        ],
        [
          962,
          584
        ],
        [
          962,
          596
        ],
        [
          950,
          596
        ]
      ],
      "group_id": 24,
      "description": null,
      "shape_type": "polygon",
      "flags": {}
    },
    {
      "line_color": null,
      "fill_color": null,
      "label": "junction",
      "points": [
        [
          165,
          613
        ],
        [
          175,
          613
        ],
        [
          175,
          623
        ],
        [
          165,
          623
        ]
      ],
      "group_id": 25,
      "description": null,
      "shape_type": "polygon",
      "flags": {}
    },
    {
      "line_color": null,
      "fill_color": null,
      "label": "junction",
      "points": [
        [
          624,
          172
        ],
        [
          636,
          172
        ],
        [
          636,
          184
        ],
        [
          624,
          184
        ]
      ],
      "group_id": 26,
      "description": null,
      "shape_type": "polygon",
      "flags": {}
    },
    {
      "line_color": null,
      "fill_color": null,
      "label": "junction",
      "points": [
        [
          604,
          769
        ],
        [
          620,
          769
        ],
        [
          620,
          785
        ],
        [
          604,
          785
        ]
      ],
      "group_id": 27,
      "description": null,
      "shape_type": "polygon",
      "flags": {}
    },
    {
      "line_color": null,
      "fill_color": null,
      "label": "junction",
      "points": [
        [
          564,
          597
        ],
        [
          578,
          597
        ],
        [
          578,
          611
        ],
        [
          564,
          611
        ]
      ],
      "group_id": 28,
      "description": null,
      "shape_type": "polygon",
      "flags": {}
    },
    {
      "line_color": null,
      "fill_color": null,
      "label": "text",
      "points": [
        [
          323,
          437
        ],
        [
          352,
          437
        ],
        [
          352,
          477
        ],
        [
          323,
          477
        ]
      ],
      "group_id": 29,
      "description": null,
      "shape_type": "polygon",
      "flags": {}
    },
    {
      "line_color": null,
      "fill_color": null,
      "label": "junction",
      "points": [
        [
          165,
          710
        ],
        [
          177,
          710
        ],
        [
          177,
          722
        ],
        [
          165,
          722
        ]
      ],
      "group_id": 30,
      "description": null,
      "shape_type": "polygon",
      "flags": {}
    },
    {
      "line_color": null,
      "fill_color": null,
      "label": "junction",
      "points": [
        [
          1012,
          328
        ],
        [
          1024,
          328
        ],
        [
          1024,
          340
        ],
        [
          1012,
          340
        ]
      ],
      "group_id": 31,
      "description": null,
      "shape_type": "polygon",
      "flags": {}
    },
    {
      "line_color": null,
      "fill_color": null,
      "label": "junction",
      "points": [
        [
          170,
          481
        ],
        [
          180,
          481
        ],
        [
          180,
          491
        ],
        [
          170,
          491
        ]
      ],
      "group_id": 32,
      "description": null,
      "shape_type": "polygon",
      "flags": {}
    },
    {
      "line_color": null,
      "fill_color": null,
      "label": "junction",
      "points": [
        [
          1101,
          535
        ],
        [
          1115,
          535
        ],
        [
          1115,
          549
        ],
        [
          1101,
          549
        ]
      ],
      "group_id": 33,
      "description": null,
      "shape_type": "polygon",
      "flags": {}
    },
    {
      "line_color": null,
      "fill_color": null,
      "label": "junction",
      "points": [
        [
          1026,
          175
        ],
        [
          1038,
          175
        ],
        [
          1038,
          187
        ],
        [
          1026,
          187
        ]
      ],
      "group_id": 34,
      "description": null,
      "shape_type": "polygon",
      "flags": {}
    },
    {
      "line_color": null,
      "fill_color": null,
      "label": "junction",
      "points": [
        [
          866,
          178
        ],
        [
          876,
          178
        ],
        [
          876,
          188
        ],
        [
          866,
          188
        ]
      ],
      "group_id": 35,
      "description": null,
      "shape_type": "polygon",
      "flags": {}
    },
    {
      "line_color": null,
      "fill_color": null,
      "label": "junction",
      "points": [
        [
          540,
          319
        ],
        [
          552,
          319
        ],
        [
          552,
          331
        ],
        [
          540,
          331
        ]
      ],
      "group_id": 36,
      "description": null,
      "shape_type": "polygon",
      "flags": {}
    },
    {
      "line_color": null,
      "fill_color": null,
      "label": "junction",
      "points": [
        [
          212,
          594
        ],
        [
          222,
          594
        ],
        [
          222,
          604
        ],
        [
          212,
          604
        ]
      ],
      "group_id": 37,
      "description": null,
      "shape_type": "polygon",
      "flags": {}
    },
    {
      "line_color": null,
      "fill_color": null,
      "label": "terminal",
      "points": [
        [
          126,
          758
        ],
        [
          138,
          758
        ],
        [
          138,
          770
        ],
        [
          126,
          770
        ]
      ],
      "group_id": 38,
      "description": null,
      "shape_type": "polygon",
      "flags": {}
    },
    {
      "line_color": null,
      "fill_color": null,
      "label": "junction",
      "points": [
        [
          954,
          331
        ],
        [
          966,
          331
        ],
        [
          966,
          343
        ],
        [
          954,
          343
        ]
      ],
      "group_id": 39,
      "description": null,
      "shape_type": "polygon",
      "flags": {}
    },
    {
      "line_color": null,
      "fill_color": null,
      "label": "crossover",
      "points": [
        [
          730,
          476
        ],
        [
          742,
          476
        ],
        [
          742,
          486
        ],
        [
          730,
          486
        ]
      ],
      "group_id": 40,
      "description": null,
      "shape_type": "polygon",
      "flags": {}
    },
    {
      "line_color": null,
      "fill_color": null,
      "label": "terminal",
      "points": [
        [
          111,
          661
        ],
        [
          123,
          661
        ],
        [
          123,
          673
        ],
        [
          111,
          673
        ]
      ],
      "group_id": 41,
      "description": null,
      "shape_type": "polygon",
      "flags": {}
    },
    {
      "line_color": null,
      "fill_color": null,
      "label": "junction",
      "points": [
        [
          212,
          481
        ],
        [
          222,
          481
        ],
        [
          222,
          491
        ],
        [
          212,
          491
        ]
      ],
      "group_id": 42,
      "description": null,
      "shape_type": "polygon",
      "flags": {}
    },
    {
      "line_color": null,
      "fill_color": null,
      "label": "junction",
      "points": [
        [
          1047,
          331
        ],
        [
          1059,
          331
        ],
        [
          1059,
          343
        ],
        [
          1047,
          343
        ]
      ],
      "group_id": 43,
      "description": null,
      "shape_type": "polygon",
      "flags": {}
    },
    {
      "line_color": null,
      "fill_color": null,
      "label": "text",
      "points": [
        [
          329,
          672
        ],
        [
          351,
          672
        ],
        [
          351,
          704
        ],
        [
          329,
          704
        ]
      ],
      "group_id": 44,
      "description": null,
      "shape_type": "polygon",
      "flags": {}
    },
    {
      "line_color": null,
      "fill_color": null,
      "label": "junction",
      "points": [
        [
          203,
          684
        ],
        [
          213,
          684
        ],
        [
          213,
          696
        ],
        [
          203,
          696
        ]
      ],
      "group_id": 45,
      "description": null,
      "shape_type": "polygon",
      "flags": {}
    },
    {
      "line_color": null,
      "fill_color": null,
      "label": "crossover",
      "points": [
        [
          1175,
          715
        ],
        [
          1187,
          715
        ],
        [
          1187,
          727
        ],
        [
          1175,
          727
        ]
      ],
      "group_id": 46,
      "description": null,
      "shape_type": "polygon",
      "flags": {}
    },
    {
      "line_color": null,
      "fill_color": null,
      "label": "terminal",
      "points": [
        [
          1232,
          473
        ],
        [
          1244,
          473
        ],
        [
          1244,
          483
        ],
        [
          1232,
          483
        ]
      ],
      "group_id": 47,
      "description": null,
      "shape_type": "polygon",
      "flags": {}
    },
    {
      "line_color": null,
      "fill_color": null,
      "label": "junction",
      "points": [
        [
          637,
          320
        ],
        [
          649,
          320
        ],
        [
          649,
          330
        ],
        [
          637,
          330
        ]
      ],
      "group_id": 48,
      "description": null,
      "shape_type": "polygon",
      "flags": {}
    },
    {
      "line_color": null,
      "fill_color": null,
      "label": "text",
      "points": [
        [
          79,
          33
        ],
        [
          457,
          33
        ],
        [
          457,
          85
        ],
        [
          79,
          85
        ]
      ],
      "group_id": 49,
      "description": null,
      "shape_type": "polygon",
      "flags": {}
    },
    {
      "line_color": null,
      "fill_color": null,
      "label": "junction",
      "points": [
        [
          696,
          321
        ],
        [
          706,
          321
        ],
        [
          706,
          331
        ],
        [
          696,
          331
        ]
      ],
      "group_id": 50,
      "description": null,
      "shape_type": "polygon",
      "flags": {}
    },
    {
      "line_color": null,
      "fill_color": null,
      "label": "junction",
      "points": [
        [
          1116,
          332
        ],
        [
          1128,
          332
        ],
        [
          1128,
          344
        ],
        [
          1116,
          344
        ]
      ],
      "group_id": 51,
      "description": null,
      "shape_type": "polygon",
      "flags": {}
    },
    {
      "line_color": null,
      "fill_color": null,
      "label": "crossover",
      "points": [
        [
          976,
          585
        ],
        [
          988,
          585
        ],
        [
          988,
          595
        ],
        [
          976,
          595
        ]
      ],
      "group_id": 52,
      "description": null,
      "shape_type": "polygon",
      "flags": {}
    },
    {
      "line_color": null,
      "fill_color": null,
      "label": "junction",
      "points": [
        [
          214,
          623
        ],
        [
          224,
          623
        ],
        [
          224,
          633
        ],
        [
          214,
          633
        ]
      ],
      "group_id": 53,
      "description": null,
      "shape_type": "polygon",
      "flags": {}
    },
    {
      "line_color": null,
      "fill_color": null,
      "label": "crossover",
      "points": [
        [
          601,
          650
        ],
        [
          613,
          650
        ],
        [
          613,
          662
        ],
        [
          601,
          662
        ]
      ],
      "group_id": 54,
      "description": null,
      "shape_type": "polygon",
      "flags": {}
    },
    {
      "line_color": null,
      "fill_color": null,
      "label": "junction",
      "points": [
        [
          614,
          319
        ],
        [
          626,
          319
        ],
        [
          626,
          331
        ],
        [
          614,
          331
        ]
      ],
      "group_id": 55,
      "description": null,
      "shape_type": "polygon",
      "flags": {}
    },
    {
      "line_color": null,
      "fill_color": null,
      "label": "crossover",
      "points": [
        [
          968,
          477
        ],
        [
          978,
          477
        ],
        [
          978,
          487
        ],
        [
          968,
          487
        ]
      ],
      "group_id": 56,
      "description": null,
      "shape_type": "polygon",
      "flags": {}
    },
    {
      "line_color": null,
      "fill_color": null,
      "label": "terminal",
      "points": [
        [
          1232,
          647
        ],
        [
          1244,
          647
        ],
        [
          1244,
          659
        ],
        [
          1232,
          659
        ]
      ],
      "group_id": 57,
      "description": null,
      "shape_type": "polygon",
      "flags": {}
    },
    {
      "line_color": null,
      "fill_color": null,
      "label": "junction",
      "points": [
        [
          214,
          611
        ],
        [
          224,
          611
        ],
        [
          224,
          621
        ],
        [
          214,
          621
        ]
      ],
      "group_id": 58,
      "description": null,
      "shape_type": "polygon",
      "flags": {}
    },
    {
      "line_color": null,
      "fill_color": null,
      "label": "terminal",
      "points": [
        [
          1235,
          765
        ],
        [
          1249,
          765
        ],
        [
          1249,
          777
        ],
        [
          1235,
          777
        ]
      ],
      "group_id": 59,
      "description": null,
      "shape_type": "polygon",
      "flags": {}
    },
    {
      "line_color": null,
      "fill_color": null,
      "label": "crossover",
      "points": [
        [
          599,
          703
        ],
        [
          611,
          703
        ],
        [
          611,
          715
        ],
        [
          599,
          715
        ]
      ],
      "group_id": 60,
      "description": null,
      "shape_type": "polygon",
      "flags": {}
    },
    {
      "line_color": null,
      "fill_color": null,
      "label": "junction",
      "points": [
        [
          212,
          472
        ],
        [
          220,
          472
        ],
        [
          220,
          482
        ],
        [
          212,
          482
        ]
      ],
      "group_id": 61,
      "description": null,
      "shape_type": "polygon",
      "flags": {}
    },
    {
      "line_color": null,
      "fill_color": null,
      "label": "terminal",
      "points": [
        [
          1229,
          715
        ],
        [
          1245,
          715
        ],
        [
          1245,
          727
        ],
        [
          1229,
          727
        ]
      ],
      "group_id": 62,
      "description": null,
      "shape_type": "polygon",
      "flags": {}
    },
    {
      "line_color": null,
      "fill_color": null,
      "label": "crossover",
      "points": [
        [
          1128,
          537
        ],
        [
          1140,
          537
        ],
        [
          1140,
          549
        ],
        [
          1128,
          549
        ]
      ],
      "group_id": 63,
      "description": null,
      "shape_type": "polygon",
      "flags": {}
    },
    {
      "line_color": null,
      "fill_color": null,
      "label": "or",
      "points": [
        [
          807,
          83
        ],
        [
          847.5982154401737,
          85.14838383378978
        ],
        [
          885,
          79
        ],
        [
          887,
          145
        ],
        [
          810,
          147
        ]
      ],
      "group_id": 64,
      "description": null,
      "shape_type": "polygon",
      "flags": {}
    },
    {
      "line_color": null,
      "fill_color": null,
      "label": "crossover",
      "points": [
        [
          565,
          549
        ],
        [
          578,
          549
        ],
        [
          578,
          562
        ],
        [
          565,
          562
        ]
      ],
      "group_id": 65,
      "description": null,
      "shape_type": "polygon",
      "flags": {}
    },
    {
      "line_color": null,
      "fill_color": null,
      "label": "crossover",
      "points": [
        [
          589,
          548
        ],
        [
          603,
          548
        ],
        [
          603,
          561
        ],
        [
          589,
          561
        ]
      ],
      "group_id": 66,
      "description": null,
      "shape_type": "polygon",
      "flags": {}
    },
    {
      "line_color": null,
      "fill_color": null,
      "label": "crossover",
      "points": [
        [
          562,
          473
        ],
        [
          574,
          473
        ],
        [
          574,
          486
        ],
        [
          562,
          486
        ]
      ],
      "group_id": 67,
      "description": null,
      "shape_type": "polygon",
      "flags": {}
    },
    {
      "line_color": null,
      "fill_color": null,
      "label": "crossover",
      "points": [
        [
          582,
          472
        ],
        [
          596,
          472
        ],
        [
          596,
          486
        ],
        [
          582,
          486
        ]
      ],
      "group_id": 68,
      "description": null,
      "shape_type": "polygon",
      "flags": {}
    },
    {
      "line_color": null,
      "fill_color": null,
      "label": "crossover",
      "points": [
        [
          723,
          545
        ],
        [
          737,
          545
        ],
        [
          737,
          558
        ],
        [
          723,
          558
        ]
      ],
      "group_id": 69,
      "description": null,
      "shape_type": "polygon",
      "flags": {}
    },
    {
      "line_color": null,
      "fill_color": null,
      "label": "crossover",
      "points": [
        [
          742,
          544
        ],
        [
          754,
          544
        ],
        [
          754,
          558
        ],
        [
          742,
          558
        ]
      ],
      "group_id": 70,
      "description": null,
      "shape_type": "polygon",
      "flags": {}
    },
    {
      "line_color": null,
      "fill_color": null,
      "label": "crossover",
      "points": [
        [
          595,
          598
        ],
        [
          609,
          598
        ],
        [
          609,
          612
        ],
        [
          595,
          612
        ]
      ],
      "group_id": 71,
      "description": null,
      "shape_type": "polygon",
      "flags": {}
    },
    {
      "line_color": null,
      "fill_color": null,
      "label": "crossover",
      "points": [
        [
          727,
          593
        ],
        [
          739,
          593
        ],
        [
          739,
          606
        ],
        [
          727,
          606
        ]
      ],
      "group_id": 72,
      "description": null,
      "shape_type": "polygon",
      "flags": {}
    },
    {
      "line_color": null,
      "fill_color": null,
      "label": "crossover",
      "points": [
        [
          748,
          593
        ],
        [
          761,
          593
        ],
        [
          761,
          606
        ],
        [
          748,
          606
        ]
      ],
      "group_id": 73,
      "description": null,
      "shape_type": "polygon",
      "flags": {}
    },
    {
      "line_color": null,
      "fill_color": null,
      "label": "crossover",
      "points": [
        [
          756,
          647
        ],
        [
          770,
          647
        ],
        [
          770,
          661
        ],
        [
          756,
          661
        ]
      ],
      "group_id": 74,
      "description": null,
      "shape_type": "polygon",
      "flags": {}
    },
    {
      "line_color": null,
      "fill_color": null,
      "label": "crossover",
      "points": [
        [
          976,
          643
        ],
        [
          990,
          643
        ],
        [
          990,
          657
        ],
        [
          976,
          657
        ]
      ],
      "group_id": 75,
      "description": null,
      "shape_type": "polygon",
      "flags": {}
    },
    {
      "line_color": null,
      "fill_color": null,
      "label": "crossover",
      "points": [
        [
          1128,
          584
        ],
        [
          1142,
          584
        ],
        [
          1142,
          599
        ],
        [
          1128,
          599
        ]
      ],
      "group_id": 76,
      "description": null,
      "shape_type": "polygon",
      "flags": {}
    },
    {
      "line_color": null,
      "fill_color": null,
      "label": "crossover",
      "points": [
        [
          1161,
          586
        ],
        [
          1173,
          586
        ],
        [
          1173,
          599
        ],
        [
          1161,
          599
        ]
      ],
      "group_id": 77,
      "description": null,
      "shape_type": "polygon",
      "flags": {}
    },
    {
      "line_color": null,
      "fill_color": null,
      "label": "crossover",
      "points": [
        [
          1166,
          641
        ],
        [
          1180,
          641
        ],
        [
          1180,
          655
        ],
        [
          1166,
          655
        ]
      ],
      "group_id": 78,
      "description": null,
      "shape_type": "polygon",
      "flags": {}
    },
    {
      "line_color": null,
      "fill_color": null,
      "label": "crossover",
      "points": [
        [
          1155,
          536
        ],
        [
          1169,
          536
        ],
        [
          1169,
          551
        ],
        [
          1155,
          551
        ]
      ],
      "group_id": 79,
      "description": null,
      "shape_type": "polygon",
      "flags": {}
    },
    {
      "line_color": null,
      "fill_color": null,
      "label": "crossover",
      "points": [
        [
          1107,
          472
        ],
        [
          1120,
          472
        ],
        [
          1120,
          485
        ],
        [
          1107,
          485
        ]
      ],
      "group_id": 80,
      "description": null,
      "shape_type": "polygon",
      "flags": {}
    },
    {
      "line_color": null,
      "fill_color": null,
      "label": "crossover",
      "points": [
        [
          1129,
          473
        ],
        [
          1142,
          473
        ],
        [
          1142,
          486
        ],
        [
          1129,
          486
        ]
      ],
      "group_id": 81,
      "description": null,
      "shape_type": "polygon",
      "flags": {}
    },
    {
      "line_color": null,
      "fill_color": null,
      "label": "crossover",
      "points": [
        [
          1147,
          473
        ],
        [
          1161,
          473
        ],
        [
          1161,
          487
        ],
        [
          1147,
          487
        ]
      ],
      "group_id": 82,
      "description": null,
      "shape_type": "polygon",
      "flags": {}
    },
    {
      "line_color": null,
      "fill_color": null,
      "label": "terminal",
      "points": [
        [
          1234,
          543
        ],
        [
          1245,
          543
        ],
        [
          1245,
          556
        ],
        [
          1234,
          556
        ]
      ],
      "group_id": 83,
      "description": null,
      "shape_type": "polygon",
      "flags": {}
    },
    {
      "line_color": null,
      "fill_color": null,
      "label": "terminal",
      "points": [
        [
          1237,
          589
        ],
        [
          1248,
          589
        ],
        [
          1248,
          601
        ],
        [
          1237,
          601
        ]
      ],
      "group_id": 84,
      "description": null,
      "shape_type": "polygon",
      "flags": {}
    },
    {
      "line_color": null,
      "fill_color": null,
      "label": "or",
      "points": [
        [
          586,
          215
        ],
        [
          616.5325083826611,
          219.0811616039286
        ],
        [
          669,
          218
        ],
        [
          670,
          296
        ],
        [
          590,
          298
        ]
      ],
      "group_id": 85,
      "description": null,
      "shape_type": "polygon",
      "flags": {}
    },
    {
      "line_color": null,
      "fill_color": null,
      "label": "or",
      "points": [
        [
          989,
          207
        ],
        [
          1079,
          208
        ],
        [
          1080,
          291
        ],
        [
          988,
          292
        ]
      ],
      "group_id": 86,
      "description": null,
      "shape_type": "polygon",
      "flags": {}
    },
    {
      "line_color": null,
      "fill_color": null,
      "label": "and",
      "points": [
        [
          1095,
          381
        ],
        [
          1166,
          377
        ],
        [
          1165,
          422
        ],
        [
          1095,
          422
        ]
      ],
      "group_id": 87,
      "description": null,
      "shape_type": "polygon",
      "flags": {}
    },
    {
      "line_color": null,
      "fill_color": null,
      "label": "and",
      "points": [
        [
          931,
          365
        ],
        [
          983,
          365
        ],
        [
          983,
          414
        ],
        [
          931,
          414
        ]
      ],
      "group_id": 88,
      "description": null,
      "shape_type": "polygon",
      "flags": {}
    },
    {
      "line_color": null,
      "fill_color": null,
      "label": "and",
      "points": [
        [
          675,
          382
        ],
        [
          739,
          382
        ],
        [
          739,
          438
        ],
        [
          675,
          438
        ]
      ],
      "group_id": 89,
      "description": null,
      "shape_type": "polygon",
      "flags": {}
    },
    {
      "line_color": null,
      "fill_color": null,
      "label": "and",
      "points": [
        [
          522,
          370
        ],
        [
          591,
          370
        ],
        [
          593,
          435
        ],
        [
          524,
          437
        ]
      ],
      "group_id": 90,
      "description": null,
      "shape_type": "polygon",
      "flags": {}
    },
    {
      "line_color": null,
      "fill_color": null,
      "label": "junction",
      "points": [
        [
          215,
          496
        ],
        [
          223,
          496
        ],
        [
          223,
          504
        ],
        [
          215,
          504
        ]
      ],
      "group_id": 91,
      "description": null,
      "shape_type": "polygon",
      "flags": {}
    },
    {
      "line_color": null,
      "fill_color": null,
      "label": "nand",
      "points": [
        [
          232,
          452
        ],
        [
          312,
          453
        ],
        [
          312,
          523
        ],
        [
          236,
          524
        ]
      ],
      "group_id": 92,
      "description": null,
      "shape_type": "polygon",
      "flags": {}
    },
    {
      "line_color": null,
      "fill_color": null,
      "label": "nand",
      "points": [
        [
          235,
          579
        ],
        [
          308,
          579
        ],
        [
          308,
          644
        ],
        [
          235,
          644
        ]
      ],
      "group_id": 93,
      "description": null,
      "shape_type": "polygon",
      "flags": {}
    },
    {
      "line_color": null,
      "fill_color": null,
      "label": "nand",
      "points": [
        [
          240,
          674
        ],
        [
          316,
          671
        ],
        [
          320,
          745
        ],
        [
          240,
          745
        ]
      ],
      "group_id": 94,
      "description": null,
      "shape_type": "polygon",
      "flags": {}
    },
    {
      "line_color": null,
      "fill_color": null,
      "label": "crossover",
      "points": [
        [
          713,
          475
        ],
        [
          725,
          475
        ],
        [
          725,
          486
        ],
        [
          713,
          486
        ]
      ],
      "group_id": 95,
      "description": null,
      "shape_type": "polygon",
      "flags": {}
    },
    {
      "line_color": null,
      "fill_color": null,
      "label": "crossover",
      "points": [
        [
          931,
          476
        ],
        [
          942,
          476
        ],
        [
          942,
          489
        ],
        [
          931,
          489
        ]
      ],
      "group_id": 96,
      "description": null,
      "shape_type": "polygon",
      "flags": {}
    },
    {
      "line_color": null,
      "fill_color": null,
      "label": "crossover",
      "points": [
        [
          951,
          476
        ],
        [
          961,
          476
        ],
        [
          961,
          488
        ],
        [
          951,
          488
        ]
      ],
      "group_id": 97,
      "description": null,
      "shape_type": "polygon",
      "flags": {}
    },
    {
      "line_color": null,
      "fill_color": null,
      "label": "crossover",
      "points": [
        [
          953,
          541
        ],
        [
          964,
          541
        ],
        [
          964,
          551
        ],
        [
          953,
          551
        ]
      ],
      "group_id": 98,
      "description": null,
      "shape_type": "polygon",
      "flags": {}
    },
    {
      "line_color": null,
      "fill_color": null,
      "label": "crossover",
      "points": [
        [
          974,
          538
        ],
        [
          986,
          538
        ],
        [
          986,
          551
        ],
        [
          974,
          551
        ]
      ],
      "group_id": 99,
      "description": null,
      "shape_type": "polygon",
      "flags": {}
    },
    {
      "line_color": null,
      "fill_color": null,
      "label": "junction",
      "points": [
        [
          207,
          724
        ],
        [
          217,
          724
        ],
        [
          217,
          734
        ],
        [
          207,
          734
        ]
      ],
      "group_id": 100,
      "description": null,
      "shape_type": "polygon",
      "flags": {}
    },
    {
      "line_color": null,
      "fill_color": null,
      "label": "terminal",
      "points": [
        [
          832,
          42
        ],
        [
          842,
          42
        ],
        [
          842,
          50
        ],
        [
          832,
          50
        ]
      ],
      "group_id": 101,
      "description": null,
      "shape_type": "polygon",
      "flags": {}
    },
    {
      "line_color": null,
      "fill_color": null,
      "label": "text",
      "points": [
        [
          812,
          27
        ],
        [
          842,
          27
        ],
        [
          842,
          43
        ],
        [
          812,
          43
        ]
      ],
      "group_id": 102,
      "description": null,
      "shape_type": "polygon",
      "flags": {}
    }
  ],
  "imagePath": "../segmentation/C290_D1_P3.jpg",
  "imageData": null,
  "imageHeight": 1000,
  "imageWidth": 1000,
  "lineColor": [
    0,
    255,
    0,
    128
  ],
  "fillColor": [
    255,
    0,
    0,
    128
  ]
}