<annotation>
	<folder>images</folder>
	<filename>C290_D1_P3.jpg</filename>
	<path>./drafter_25/images/C290_D1_P3.jpg</path>
	<source>
		<database>CGHD</database>
	</source>
	<size>
		<width>1000</width>
		<height>1000</height>
		<depth>3</depth>
	</size>
	<segmented>0</segmented>
	<object>
		<name>text</name>
		<pose>Unspecified</pose>
		<truncated>0</truncated>
		<difficult>0</difficult>
		<bndbox>
			<xmin>85</xmin>
			<ymin>733</ymin>
			<xmax>111</xmax>
			<ymax>767</ymax>
		</bndbox>
		<text>C</text>
	</object>
	<object>
		<name>text</name>
		<pose>Unspecified</pose>
		<truncated>0</truncated>
		<difficult>0</difficult>
		<bndbox>
			<xmin>624</xmin>
			<ymin>343</ymin>
			<xmax>682</xmax>
			<ymax>377</ymax>
		</bndbox>
		<text>ABC</text>
	</object>
	<object>
		<name>text</name>
		<pose>Unspecified</pose>
		<truncated>0</truncated>
		<difficult>0</difficult>
		<bndbox>
			<xmin>107</xmin>
			<ymin>539</ymin>
			<xmax>127</xmax>
			<ymax>567</ymax>
		</bndbox>
		<text>A</text>
	</object>
	<object>
		<name>text</name>
		<pose>Unspecified</pose>
		<truncated>0</truncated>
		<difficult>0</difficult>
		<bndbox>
			<xmin>456</xmin>
			<ymin>159</ymin>
			<xmax>610</xmax>
			<ymax>211</ymax>
		</bndbox>
		<text>ABCVABC</text>
	</object>
	<object>
		<name>text</name>
		<pose>Unspecified</pose>
		<truncated>0</truncated>
		<difficult>0</difficult>
		<bndbox>
			<xmin>875</xmin>
			<ymin>329</ymin>
			<xmax>935</xmax>
			<ymax>365</ymax>
		</bndbox>
		<text>ABC</text>
	</object>
	<object>
		<name>text</name>
		<pose>Unspecified</pose>
		<truncated>0</truncated>
		<difficult>0</difficult>
		<bndbox>
			<xmin>456</xmin>
			<ymin>340</ymin>
			<xmax>518</xmax>
			<ymax>374</ymax>
		</bndbox>
		<text>ABC</text>
	</object>
	<object>
		<name>text</name>
		<pose>Unspecified</pose>
		<truncated>0</truncated>
		<difficult>0</difficult>
		<bndbox>
			<xmin>316</xmin>
			<ymin>569</ymin>
			<xmax>344</xmax>
			<ymax>609</ymax>
		</bndbox>
		<text>B</text>
	</object>
	<object>
		<name>junction</name>
		<pose>Unspecified</pose>
		<truncated>0</truncated>
		<difficult>0</difficult>
		<bndbox>
			<xmin>686</xmin>
			<ymin>472</ymin>
			<xmax>700</xmax>
			<ymax>486</ymax>
		</bndbox>
	</object>
	<object>
		<name>text</name>
		<pose>Unspecified</pose>
		<truncated>0</truncated>
		<difficult>0</difficult>
		<bndbox>
			<xmin>90</xmin>
			<ymin>633</ymin>
			<xmax>110</xmax>
			<ymax>669</ymax>
		</bndbox>
		<text>B</text>
	</object>
	<object>
		<name>junction</name>
		<pose>Unspecified</pose>
		<truncated>0</truncated>
		<difficult>0</difficult>
		<bndbox>
			<xmin>929</xmin>
			<ymin>539</ymin>
			<xmax>941</xmax>
			<ymax>553</ymax>
		</bndbox>
	</object>
	<object>
		<name>junction</name>
		<pose>Unspecified</pose>
		<truncated>0</truncated>
		<difficult>0</difficult>
		<bndbox>
			<xmin>535</xmin>
			<ymin>471</ymin>
			<xmax>549</xmax>
			<ymax>485</ymax>
		</bndbox>
	</object>
	<object>
		<name>junction</name>
		<pose>Unspecified</pose>
		<truncated>0</truncated>
		<difficult>0</difficult>
		<bndbox>
			<xmin>1182</xmin>
			<ymin>760</ymin>
			<xmax>1198</xmax>
			<ymax>776</ymax>
		</bndbox>
	</object>
	<object>
		<name>junction</name>
		<pose>Unspecified</pose>
		<truncated>0</truncated>
		<difficult>0</difficult>
		<bndbox>
			<xmin>174</xmin>
			<ymin>547</ymin>
			<xmax>186</xmax>
			<ymax>559</ymax>
		</bndbox>
	</object>
	<object>
		<name>junction</name>
		<pose>Unspecified</pose>
		<truncated>0</truncated>
		<difficult>0</difficult>
		<bndbox>
			<xmin>763</xmin>
			<ymin>701</ymin>
			<xmax>777</xmax>
			<ymax>715</ymax>
		</bndbox>
	</object>
	<object>
		<name>junction</name>
		<pose>Unspecified</pose>
		<truncated>0</truncated>
		<difficult>0</difficult>
		<bndbox>
			<xmin>976</xmin>
			<ymin>699</ymin>
			<xmax>990</xmax>
			<ymax>713</ymax>
		</bndbox>
	</object>
	<object>
		<name>junction</name>
		<pose>Unspecified</pose>
		<truncated>0</truncated>
		<difficult>0</difficult>
		<bndbox>
			<xmin>733</xmin>
			<ymin>645</ymin>
			<xmax>747</xmax>
			<ymax>659</ymax>
		</bndbox>
	</object>
	<object>
		<name>junction</name>
		<pose>Unspecified</pose>
		<truncated>0</truncated>
		<difficult>0</difficult>
		<bndbox>
			<xmin>204</xmin>
			<ymin>706</ymin>
			<xmax>218</xmax>
			<ymax>720</ymax>
		</bndbox>
	</object>
	<object>
		<name>junction</name>
		<pose>Unspecified</pose>
		<truncated>0</truncated>
		<difficult>0</difficult>
		<bndbox>
			<xmin>1131</xmin>
			<ymin>641</ymin>
			<xmax>1145</xmax>
			<ymax>655</ymax>
		</bndbox>
	</object>
	<object>
		<name>text</name>
		<pose>Unspecified</pose>
		<truncated>0</truncated>
		<difficult>0</difficult>
		<bndbox>
			<xmin>995</xmin>
			<ymin>125</ymin>
			<xmax>1175</xmax>
			<ymax>165</ymax>
		</bndbox>
		<text>ABCVABC</text>
	</object>
	<object>
		<name>text</name>
		<pose>Unspecified</pose>
		<truncated>0</truncated>
		<difficult>0</difficult>
		<bndbox>
			<xmin>1051</xmin>
			<ymin>349</ymin>
			<xmax>1111</xmax>
			<ymax>379</ymax>
		</bndbox>
		<text>ABC</text>
	</object>
	<object>
		<name>junction</name>
		<pose>Unspecified</pose>
		<truncated>0</truncated>
		<difficult>0</difficult>
		<bndbox>
			<xmin>832</xmin>
			<ymin>171</ymin>
			<xmax>844</xmax>
			<ymax>181</ymax>
		</bndbox>
	</object>
	<object>
		<name>junction</name>
		<pose>Unspecified</pose>
		<truncated>0</truncated>
		<difficult>0</difficult>
		<bndbox>
			<xmin>168</xmin>
			<ymin>657</ymin>
			<xmax>180</xmax>
			<ymax>669</ymax>
		</bndbox>
	</object>
	<object>
		<name>junction</name>
		<pose>Unspecified</pose>
		<truncated>0</truncated>
		<difficult>0</difficult>
		<bndbox>
			<xmin>164</xmin>
			<ymin>759</ymin>
			<xmax>178</xmax>
			<ymax>773</ymax>
		</bndbox>
	</object>
	<object>
		<name>terminal</name>
		<pose>Unspecified</pose>
		<truncated>0</truncated>
		<difficult>0</difficult>
		<bndbox>
			<xmin>139</xmin>
			<ymin>548</ymin>
			<xmax>149</xmax>
			<ymax>558</ymax>
		</bndbox>
	</object>
	<object>
		<name>junction</name>
		<pose>Unspecified</pose>
		<truncated>0</truncated>
		<difficult>0</difficult>
		<bndbox>
			<xmin>950</xmin>
			<ymin>584</ymin>
			<xmax>962</xmax>
			<ymax>596</ymax>
		</bndbox>
	</object>
	<object>
		<name>junction</name>
		<pose>Unspecified</pose>
		<truncated>0</truncated>
		<difficult>0</difficult>
		<bndbox>
			<xmin>165</xmin>
			<ymin>613</ymin>
			<xmax>175</xmax>
			<ymax>623</ymax>
		</bndbox>
	</object>
	<object>
		<name>junction</name>
		<pose>Unspecified</pose>
		<truncated>0</truncated>
		<difficult>0</difficult>
		<bndbox>
			<xmin>624</xmin>
			<ymin>172</ymin>
			<xmax>636</xmax>
			<ymax>184</ymax>
		</bndbox>
	</object>
	<object>
		<name>junction</name>
		<pose>Unspecified</pose>
		<truncated>0</truncated>
		<difficult>0</difficult>
		<bndbox>
			<xmin>604</xmin>
			<ymin>769</ymin>
			<xmax>620</xmax>
			<ymax>785</ymax>
		</bndbox>
	</object>
	<object>
		<name>junction</name>
		<pose>Unspecified</pose>
		<truncated>0</truncated>
		<difficult>0</difficult>
		<bndbox>
			<xmin>564</xmin>
			<ymin>597</ymin>
			<xmax>578</xmax>
			<ymax>611</ymax>
		</bndbox>
	</object>
	<object>
		<name>text</name>
		<pose>Unspecified</pose>
		<truncated>0</truncated>
		<difficult>0</difficult>
		<bndbox>
			<xmin>323</xmin>
			<ymin>437</ymin>
			<xmax>352</xmax>
			<ymax>477</ymax>
		</bndbox>
		<text>A</text>
	</object>
	<object>
		<name>junction</name>
		<pose>Unspecified</pose>
		<truncated>0</truncated>
		<difficult>0</difficult>
		<bndbox>
			<xmin>165</xmin>
			<ymin>710</ymin>
			<xmax>177</xmax>
			<ymax>722</ymax>
		</bndbox>
	</object>
	<object>
		<name>junction</name>
		<pose>Unspecified</pose>
		<truncated>0</truncated>
		<difficult>0</difficult>
		<bndbox>
			<xmin>1012</xmin>
			<ymin>328</ymin>
			<xmax>1024</xmax>
			<ymax>340</ymax>
		</bndbox>
	</object>
	<object>
		<name>junction</name>
		<pose>Unspecified</pose>
		<truncated>0</truncated>
		<difficult>0</difficult>
		<bndbox>
			<xmin>170</xmin>
			<ymin>481</ymin>
			<xmax>180</xmax>
			<ymax>491</ymax>
		</bndbox>
	</object>
	<object>
		<name>junction</name>
		<pose>Unspecified</pose>
		<truncated>0</truncated>
		<difficult>0</difficult>
		<bndbox>
			<xmin>1101</xmin>
			<ymin>535</ymin>
			<xmax>1115</xmax>
			<ymax>549</ymax>
		</bndbox>
	</object>
	<object>
		<name>junction</name>
		<pose>Unspecified</pose>
		<truncated>0</truncated>
		<difficult>0</difficult>
		<bndbox>
			<xmin>1026</xmin>
			<ymin>175</ymin>
			<xmax>1038</xmax>
			<ymax>187</ymax>
		</bndbox>
	</object>
	<object>
		<name>junction</name>
		<pose>Unspecified</pose>
		<truncated>0</truncated>
		<difficult>0</difficult>
		<bndbox>
			<xmin>866</xmin>
			<ymin>178</ymin>
			<xmax>876</xmax>
			<ymax>188</ymax>
		</bndbox>
	</object>
	<object>
		<name>junction</name>
		<pose>Unspecified</pose>
		<truncated>0</truncated>
		<difficult>0</difficult>
		<bndbox>
			<xmin>540</xmin>
			<ymin>319</ymin>
			<xmax>552</xmax>
			<ymax>331</ymax>
		</bndbox>
	</object>
	<object>
		<name>junction</name>
		<pose>Unspecified</pose>
		<truncated>0</truncated>
		<difficult>0</difficult>
		<bndbox>
			<xmin>212</xmin>
			<ymin>594</ymin>
			<xmax>222</xmax>
			<ymax>604</ymax>
		</bndbox>
	</object>
	<object>
		<name>terminal</name>
		<pose>Unspecified</pose>
		<truncated>0</truncated>
		<difficult>0</difficult>
		<bndbox>
			<xmin>126</xmin>
			<ymin>758</ymin>
			<xmax>138</xmax>
			<ymax>770</ymax>
		</bndbox>
	</object>
	<object>
		<name>junction</name>
		<pose>Unspecified</pose>
		<truncated>0</truncated>
		<difficult>0</difficult>
		<bndbox>
			<xmin>954</xmin>
			<ymin>331</ymin>
			<xmax>966</xmax>
			<ymax>343</ymax>
		</bndbox>
	</object>
	<object>
		<name>crossover</name>
		<pose>Unspecified</pose>
		<truncated>0</truncated>
		<difficult>0</difficult>
		<bndbox>
			<xmin>730</xmin>
			<ymin>476</ymin>
			<xmax>742</xmax>
			<ymax>486</ymax>
		</bndbox>
	</object>
	<object>
		<name>terminal</name>
		<pose>Unspecified</pose>
		<truncated>0</truncated>
		<difficult>0</difficult>
		<bndbox>
			<xmin>111</xmin>
			<ymin>661</ymin>
			<xmax>123</xmax>
			<ymax>673</ymax>
		</bndbox>
	</object>
	<object>
		<name>junction</name>
		<pose>Unspecified</pose>
		<truncated>0</truncated>
		<difficult>0</difficult>
		<bndbox>
			<xmin>212</xmin>
			<ymin>481</ymin>
			<xmax>222</xmax>
			<ymax>491</ymax>
		</bndbox>
	</object>
	<object>
		<name>junction</name>
		<pose>Unspecified</pose>
		<truncated>0</truncated>
		<difficult>0</difficult>
		<bndbox>
			<xmin>1047</xmin>
			<ymin>331</ymin>
			<xmax>1059</xmax>
			<ymax>343</ymax>
		</bndbox>
	</object>
	<object>
		<name>text</name>
		<pose>Unspecified</pose>
		<truncated>0</truncated>
		<difficult>0</difficult>
		<bndbox>
			<xmin>329</xmin>
			<ymin>672</ymin>
			<xmax>351</xmax>
			<ymax>704</ymax>
		</bndbox>
		<text>C</text>
	</object>
	<object>
		<name>junction</name>
		<pose>Unspecified</pose>
		<truncated>0</truncated>
		<difficult>0</difficult>
		<bndbox>
			<xmin>203</xmin>
			<ymin>684</ymin>
			<xmax>213</xmax>
			<ymax>696</ymax>
		</bndbox>
	</object>
	<object>
		<name>crossover</name>
		<pose>Unspecified</pose>
		<truncated>0</truncated>
		<difficult>0</difficult>
		<bndbox>
			<xmin>1175</xmin>
			<ymin>715</ymin>
			<xmax>1187</xmax>
			<ymax>727</ymax>
		</bndbox>
	</object>
	<object>
		<name>terminal</name>
		<pose>Unspecified</pose>
		<truncated>0</truncated>
		<difficult>0</difficult>
		<bndbox>
			<xmin>1232</xmin>
			<ymin>473</ymin>
			<xmax>1244</xmax>
			<ymax>483</ymax>
		</bndbox>
	</object>
	<object>
		<name>junction</name>
		<pose>Unspecified</pose>
		<truncated>0</truncated>
		<difficult>0</difficult>
		<bndbox>
			<xmin>637</xmin>
			<ymin>320</ymin>
			<xmax>649</xmax>
			<ymax>330</ymax>
		</bndbox>
	</object>
	<object>
		<name>text</name>
		<pose>Unspecified</pose>
		<truncated>0</truncated>
		<difficult>0</difficult>
		<bndbox>
			<xmin>79</xmin>
			<ymin>33</ymin>
			<xmax>457</xmax>
			<ymax>85</ymax>
		</bndbox>
		<text>ABCVABCVABCVABC</text>
	</object>
	<object>
		<name>junction</name>
		<pose>Unspecified</pose>
		<truncated>0</truncated>
		<difficult>0</difficult>
		<bndbox>
			<xmin>696</xmin>
			<ymin>321</ymin>
			<xmax>706</xmax>
			<ymax>331</ymax>
		</bndbox>
	</object>
	<object>
		<name>junction</name>
		<pose>Unspecified</pose>
		<truncated>0</truncated>
		<difficult>0</difficult>
		<bndbox>
			<xmin>1116</xmin>
			<ymin>332</ymin>
			<xmax>1128</xmax>
			<ymax>344</ymax>
		</bndbox>
	</object>
	<object>
		<name>crossover</name>
		<pose>Unspecified</pose>
		<truncated>0</truncated>
		<difficult>0</difficult>
		<bndbox>
			<xmin>976</xmin>
			<ymin>585</ymin>
			<xmax>988</xmax>
			<ymax>595</ymax>
		</bndbox>
	</object>
	<object>
		<name>junction</name>
		<pose>Unspecified</pose>
		<truncated>0</truncated>
		<difficult>0</difficult>
		<bndbox>
			<xmin>214</xmin>
			<ymin>623</ymin>
			<xmax>224</xmax>
			<ymax>633</ymax>
		</bndbox>
	</object>
	<object>
		<name>crossover</name>
		<pose>Unspecified</pose>
		<truncated>0</truncated>
		<difficult>0</difficult>
		<bndbox>
			<xmin>601</xmin>
			<ymin>650</ymin>
			<xmax>613</xmax>
			<ymax>662</ymax>
		</bndbox>
	</object>
	<object>
		<name>junction</name>
		<pose>Unspecified</pose>
		<truncated>0</truncated>
		<difficult>0</difficult>
		<bndbox>
			<xmin>614</xmin>
			<ymin>319</ymin>
			<xmax>626</xmax>
			<ymax>331</ymax>
		</bndbox>
	</object>
	<object>
		<name>crossover</name>
		<pose>Unspecified</pose>
		<truncated>0</truncated>
		<difficult>0</difficult>
		<bndbox>
			<xmin>968</xmin>
			<ymin>477</ymin>
			<xmax>978</xmax>
			<ymax>487</ymax>
		</bndbox>
	</object>
	<object>
		<name>terminal</name>
		<pose>Unspecified</pose>
		<truncated>0</truncated>
		<difficult>0</difficult>
		<bndbox>
			<xmin>1232</xmin>
			<ymin>647</ymin>
			<xmax>1244</xmax>
			<ymax>659</ymax>
		</bndbox>
	</object>
	<object>
		<name>junction</name>
		<pose>Unspecified</pose>
		<truncated>0</truncated>
		<difficult>0</difficult>
		<bndbox>
			<xmin>214</xmin>
			<ymin>611</ymin>
			<xmax>224</xmax>
			<ymax>621</ymax>
		</bndbox>
	</object>
	<object>
		<name>terminal</name>
		<pose>Unspecified</pose>
		<truncated>0</truncated>
		<difficult>0</difficult>
		<bndbox>
			<xmin>1235</xmin>
			<ymin>765</ymin>
			<xmax>1249</xmax>
			<ymax>777</ymax>
		</bndbox>
	</object>
	<object>
		<name>crossover</name>
		<pose>Unspecified</pose>
		<truncated>0</truncated>
		<difficult>0</difficult>
		<bndbox>
			<xmin>599</xmin>
			<ymin>703</ymin>
			<xmax>611</xmax>
			<ymax>715</ymax>
		</bndbox>
	</object>
	<object>
		<name>junction</name>
		<pose>Unspecified</pose>
		<truncated>0</truncated>
		<difficult>0</difficult>
		<bndbox>
			<xmin>212</xmin>
			<ymin>472</ymin>
			<xmax>220</xmax>
			<ymax>482</ymax>
		</bndbox>
	</object>
	<object>
		<name>terminal</name>
		<pose>Unspecified</pose>
		<truncated>0</truncated>
		<difficult>0</difficult>
		<bndbox>
			<xmin>1229</xmin>
			<ymin>715</ymin>
			<xmax>1245</xmax>
			<ymax>727</ymax>
		</bndbox>
	</object>
	<object>
		<name>crossover</name>
		<pose>Unspecified</pose>
		<truncated>0</truncated>
		<difficult>0</difficult>
		<bndbox>
			<xmin>1128</xmin>
			<ymin>537</ymin>
			<xmax>1140</xmax>
			<ymax>549</ymax>
		</bndbox>
	</object>
	<object>
		<name>or</name>
		<pose>Unspecified</pose>
		<truncated>0</truncated>
		<difficult>0</difficult>
		<bndbox>
			<xmin>809</xmin>
			<ymin>84</ymin>
			<xmax>886</xmax>
			<ymax>146</ymax>
			<rotation>90</rotation>
		</bndbox>
	</object>
	<object>
		<name>crossover</name>
		<pose>Unspecified</pose>
		<truncated>0</truncated>
		<difficult>0</difficult>
		<bndbox>
			<xmin>565</xmin>
			<ymin>549</ymin>
			<xmax>578</xmax>
			<ymax>562</ymax>
		</bndbox>
	</object>
	<object>
		<name>crossover</name>
		<pose>Unspecified</pose>
		<truncated>0</truncated>
		<difficult>0</difficult>
		<bndbox>
			<xmin>589</xmin>
			<ymin>548</ymin>
			<xmax>603</xmax>
			<ymax>561</ymax>
		</bndbox>
	</object>
	<object>
		<name>crossover</name>
		<pose>Unspecified</pose>
		<truncated>0</truncated>
		<difficult>0</difficult>
		<bndbox>
			<xmin>562</xmin>
			<ymin>473</ymin>
			<xmax>574</xmax>
			<ymax>486</ymax>
		</bndbox>
	</object>
	<object>
		<name>crossover</name>
		<pose>Unspecified</pose>
		<truncated>0</truncated>
		<difficult>0</difficult>
		<bndbox>
			<xmin>582</xmin>
			<ymin>472</ymin>
			<xmax>596</xmax>
			<ymax>486</ymax>
		</bndbox>
	</object>
	<object>
		<name>crossover</name>
		<pose>Unspecified</pose>
		<truncated>0</truncated>
		<difficult>0</difficult>
		<bndbox>
			<xmin>723</xmin>
			<ymin>545</ymin>
			<xmax>737</xmax>
			<ymax>558</ymax>
		</bndbox>
	</object>
	<object>
		<name>crossover</name>
		<pose>Unspecified</pose>
		<truncated>0</truncated>
		<difficult>0</difficult>
		<bndbox>
			<xmin>742</xmin>
			<ymin>544</ymin>
			<xmax>754</xmax>
			<ymax>558</ymax>
		</bndbox>
	</object>
	<object>
		<name>crossover</name>
		<pose>Unspecified</pose>
		<truncated>0</truncated>
		<difficult>0</difficult>
		<bndbox>
			<xmin>595</xmin>
			<ymin>598</ymin>
			<xmax>609</xmax>
			<ymax>612</ymax>
		</bndbox>
	</object>
	<object>
		<name>crossover</name>
		<pose>Unspecified</pose>
		<truncated>0</truncated>
		<difficult>0</difficult>
		<bndbox>
			<xmin>727</xmin>
			<ymin>593</ymin>
			<xmax>739</xmax>
			<ymax>606</ymax>
		</bndbox>
	</object>
	<object>
		<name>crossover</name>
		<pose>Unspecified</pose>
		<truncated>0</truncated>
		<difficult>0</difficult>
		<bndbox>
			<xmin>748</xmin>
			<ymin>593</ymin>
			<xmax>761</xmax>
			<ymax>606</ymax>
		</bndbox>
	</object>
	<object>
		<name>crossover</name>
		<pose>Unspecified</pose>
		<truncated>0</truncated>
		<difficult>0</difficult>
		<bndbox>
			<xmin>756</xmin>
			<ymin>647</ymin>
			<xmax>770</xmax>
			<ymax>661</ymax>
		</bndbox>
	</object>
	<object>
		<name>crossover</name>
		<pose>Unspecified</pose>
		<truncated>0</truncated>
		<difficult>0</difficult>
		<bndbox>
			<xmin>976</xmin>
			<ymin>643</ymin>
			<xmax>990</xmax>
			<ymax>657</ymax>
		</bndbox>
	</object>
	<object>
		<name>crossover</name>
		<pose>Unspecified</pose>
		<truncated>0</truncated>
		<difficult>0</difficult>
		<bndbox>
			<xmin>1128</xmin>
			<ymin>584</ymin>
			<xmax>1142</xmax>
			<ymax>599</ymax>
		</bndbox>
	</object>
	<object>
		<name>crossover</name>
		<pose>Unspecified</pose>
		<truncated>0</truncated>
		<difficult>0</difficult>
		<bndbox>
			<xmin>1161</xmin>
			<ymin>586</ymin>
			<xmax>1173</xmax>
			<ymax>599</ymax>
		</bndbox>
	</object>
	<object>
		<name>crossover</name>
		<pose>Unspecified</pose>
		<truncated>0</truncated>
		<difficult>0</difficult>
		<bndbox>
			<xmin>1166</xmin>
			<ymin>641</ymin>
			<xmax>1180</xmax>
			<ymax>655</ymax>
		</bndbox>
	</object>
	<object>
		<name>crossover</name>
		<pose>Unspecified</pose>
		<truncated>0</truncated>
		<difficult>0</difficult>
		<bndbox>
			<xmin>1155</xmin>
			<ymin>536</ymin>
			<xmax>1169</xmax>
			<ymax>551</ymax>
		</bndbox>
	</object>
	<object>
		<name>crossover</name>
		<pose>Unspecified</pose>
		<truncated>0</truncated>
		<difficult>0</difficult>
		<bndbox>
			<xmin>1107</xmin>
			<ymin>472</ymin>
			<xmax>1120</xmax>
			<ymax>485</ymax>
		</bndbox>
	</object>
	<object>
		<name>crossover</name>
		<pose>Unspecified</pose>
		<truncated>0</truncated>
		<difficult>0</difficult>
		<bndbox>
			<xmin>1129</xmin>
			<ymin>473</ymin>
			<xmax>1142</xmax>
			<ymax>486</ymax>
		</bndbox>
	</object>
	<object>
		<name>crossover</name>
		<pose>Unspecified</pose>
		<truncated>0</truncated>
		<difficult>0</difficult>
		<bndbox>
			<xmin>1147</xmin>
			<ymin>473</ymin>
			<xmax>1161</xmax>
			<ymax>487</ymax>
		</bndbox>
	</object>
	<object>
		<name>terminal</name>
		<pose>Unspecified</pose>
		<truncated>0</truncated>
		<difficult>0</difficult>
		<bndbox>
			<xmin>1234</xmin>
			<ymin>543</ymin>
			<xmax>1245</xmax>
			<ymax>556</ymax>
		</bndbox>
	</object>
	<object>
		<name>terminal</name>
		<pose>Unspecified</pose>
		<truncated>0</truncated>
		<difficult>0</difficult>
		<bndbox>
			<xmin>1237</xmin>
			<ymin>589</ymin>
			<xmax>1248</xmax>
			<ymax>601</ymax>
		</bndbox>
	</object>
	<object>
		<name>or</name>
		<pose>Unspecified</pose>
		<truncated>0</truncated>
		<difficult>0</difficult>
		<bndbox>
			<xmin>590</xmin>
			<ymin>219</ymin>
			<xmax>669</xmax>
			<ymax>297</ymax>
			<rotation>90</rotation>
		</bndbox>
	</object>
	<object>
		<name>or</name>
		<pose>Unspecified</pose>
		<truncated>0</truncated>
		<difficult>0</difficult>
		<bndbox>
			<xmin>991</xmin>
			<ymin>211</ymin>
			<xmax>1074</xmax>
			<ymax>291</ymax>
			<rotation>90</rotation>
		</bndbox>
	</object>
	<object>
		<name>and</name>
		<pose>Unspecified</pose>
		<truncated>0</truncated>
		<difficult>0</difficult>
		<bndbox>
			<xmin>1095</xmin>
			<ymin>381</ymin>
			<xmax>1165</xmax>
			<ymax>422</ymax>
			<rotation>90</rotation>
		</bndbox>
	</object>
	<object>
		<name>and</name>
		<pose>Unspecified</pose>
		<truncated>0</truncated>
		<difficult>0</difficult>
		<bndbox>
			<xmin>931</xmin>
			<ymin>365</ymin>
			<xmax>983</xmax>
			<ymax>414</ymax>
			<rotation>90</rotation>
		</bndbox>
	</object>
	<object>
		<name>and</name>
		<pose>Unspecified</pose>
		<truncated>0</truncated>
		<difficult>0</difficult>
		<bndbox>
			<xmin>675</xmin>
			<ymin>382</ymin>
			<xmax>739</xmax>
			<ymax>438</ymax>
			<rotation>90</rotation>
		</bndbox>
	</object>
	<object>
		<name>and</name>
		<pose>Unspecified</pose>
		<truncated>0</truncated>
		<difficult>0</difficult>
		<bndbox>
			<xmin>524</xmin>
			<ymin>370</ymin>
			<xmax>591</xmax>
			<ymax>433</ymax>
			<rotation>90</rotation>
		</bndbox>
	</object>
	<object>
		<name>junction</name>
		<pose>Unspecified</pose>
		<truncated>0</truncated>
		<difficult>0</difficult>
		<bndbox>
			<xmin>215</xmin>
			<ymin>496</ymin>
			<xmax>223</xmax>
			<ymax>504</ymax>
		</bndbox>
	</object>
	<object>
		<name>nand</name>
		<pose>Unspecified</pose>
		<truncated>0</truncated>
		<difficult>0</difficult>
		<bndbox>
			<xmin>235</xmin>
			<ymin>453</ymin>
			<xmax>312</xmax>
			<ymax>523</ymax>
			<rotation>2</rotation>
		</bndbox>
	</object>
	<object>
		<name>nand</name>
		<pose>Unspecified</pose>
		<truncated>0</truncated>
		<difficult>0</difficult>
		<bndbox>
			<xmin>235</xmin>
			<ymin>579</ymin>
			<xmax>308</xmax>
			<ymax>644</ymax>
			<rotation>2</rotation>
		</bndbox>
	</object>
	<object>
		<name>nand</name>
		<pose>Unspecified</pose>
		<truncated>0</truncated>
		<difficult>0</difficult>
		<bndbox>
			<xmin>240</xmin>
			<ymin>674</ymin>
			<xmax>320</xmax>
			<ymax>745</ymax>
		</bndbox>
	</object>
	<object>
		<name>crossover</name>
		<pose>Unspecified</pose>
		<truncated>0</truncated>
		<difficult>0</difficult>
		<bndbox>
			<xmin>713</xmin>
			<ymin>475</ymin>
			<xmax>725</xmax>
			<ymax>486</ymax>
		</bndbox>
	</object>
	<object>
		<name>crossover</name>
		<pose>Unspecified</pose>
		<truncated>0</truncated>
		<difficult>0</difficult>
		<bndbox>
			<xmin>931</xmin>
			<ymin>476</ymin>
			<xmax>942</xmax>
			<ymax>489</ymax>
		</bndbox>
	</object>
	<object>
		<name>crossover</name>
		<pose>Unspecified</pose>
		<truncated>0</truncated>
		<difficult>0</difficult>
		<bndbox>
			<xmin>951</xmin>
			<ymin>476</ymin>
			<xmax>961</xmax>
			<ymax>488</ymax>
		</bndbox>
	</object>
	<object>
		<name>crossover</name>
		<pose>Unspecified</pose>
		<truncated>0</truncated>
		<difficult>0</difficult>
		<bndbox>
			<xmin>953</xmin>
			<ymin>541</ymin>
			<xmax>964</xmax>
			<ymax>551</ymax>
		</bndbox>
	</object>
	<object>
		<name>crossover</name>
		<pose>Unspecified</pose>
		<truncated>0</truncated>
		<difficult>0</difficult>
		<bndbox>
			<xmin>974</xmin>
			<ymin>538</ymin>
			<xmax>986</xmax>
			<ymax>551</ymax>
		</bndbox>
	</object>
	<object>
		<name>junction</name>
		<pose>Unspecified</pose>
		<truncated>0</truncated>
		<difficult>0</difficult>
		<bndbox>
			<xmin>207</xmin>
			<ymin>724</ymin>
			<xmax>217</xmax>
			<ymax>734</ymax>
		</bndbox>
	</object>
	<object>
		<name>terminal</name>
		<pose>Unspecified</pose>
		<truncated>0</truncated>
		<difficult>0</difficult>
		<bndbox>
			<xmin>832</xmin>
			<ymin>42</ymin>
			<xmax>842</xmax>
			<ymax>50</ymax>
		</bndbox>
	</object>
	<object>
		<name>text</name>
		<pose>Unspecified</pose>
		<truncated>0</truncated>
		<difficult>0</difficult>
		<bndbox>
			<xmin>812</xmin>
			<ymin>27</ymin>
			<xmax>842</xmax>
			<ymax>43</ymax>
		</bndbox>
		<text>-</text>
	</object>
</annotation>
