<annotation>
	<folder>images</folder>
	<filename>C291_D2_P4.jpeg</filename>
	<path>./drafter_25/images/C291_D2_P4.jpeg</path>
	<source>
		<database>CGHD</database>
	</source>
	<size>
		<width>1000</width>
		<height>1000</height>
		<depth>3</depth>
	</size>
	<segmented>0</segmented>
	<object>
		<name>gnd</name>
		<pose>Unspecified</pose>
		<truncated>0</truncated>
		<difficult>0</difficult>
		<bndbox>
			<xmin>98</xmin>
			<ymin>482</ymin>
			<xmax>138</xmax>
			<ymax>510</ymax>
		</bndbox>
	</object>
	<object>
		<name>text</name>
		<pose>Unspecified</pose>
		<truncated>0</truncated>
		<difficult>0</difficult>
		<bndbox>
			<xmin>1096</xmin>
			<ymin>575</ymin>
			<xmax>1130</xmax>
			<ymax>613</ymax>
			<rotation>355</rotation>
		</bndbox>
		<text>D4</text>
	</object>
	<object>
		<name>text</name>
		<pose>Unspecified</pose>
		<truncated>0</truncated>
		<difficult>0</difficult>
		<bndbox>
			<xmin>903</xmin>
			<ymin>506</ymin>
			<xmax>933</xmax>
			<ymax>542</ymax>
		</bndbox>
		<text>C6</text>
	</object>
	<object>
		<name>text</name>
		<pose>Unspecified</pose>
		<truncated>0</truncated>
		<difficult>0</difficult>
		<bndbox>
			<xmin>382</xmin>
			<ymin>719</ymin>
			<xmax>448</xmax>
			<ymax>759</ymax>
		</bndbox>
		<text>4.99K</text>
	</object>
	<object>
		<name>gnd</name>
		<pose>Unspecified</pose>
		<truncated>0</truncated>
		<difficult>0</difficult>
		<bndbox>
			<xmin>210</xmin>
			<ymin>428</ymin>
			<xmax>248</xmax>
			<ymax>450</ymax>
			<rotation>4</rotation>
		</bndbox>
	</object>
	<object>
		<name>transistor.fet</name>
		<pose>Unspecified</pose>
		<truncated>0</truncated>
		<difficult>0</difficult>
		<bndbox>
			<xmin>1061</xmin>
			<ymin>229</ymin>
			<xmax>1159</xmax>
			<ymax>335</ymax>
		</bndbox>
	</object>
	<object>
		<name>resistor</name>
		<pose>Unspecified</pose>
		<truncated>0</truncated>
		<difficult>0</difficult>
		<bndbox>
			<xmin>108</xmin>
			<ymin>425</ymin>
			<xmax>126</xmax>
			<ymax>465</ymax>
			<rotation>91</rotation>
		</bndbox>
	</object>
	<object>
		<name>text</name>
		<pose>Unspecified</pose>
		<truncated>0</truncated>
		<difficult>0</difficult>
		<bndbox>
			<xmin>1253</xmin>
			<ymin>199</ymin>
			<xmax>1319</xmax>
			<ymax>233</ymax>
			<rotation>1</rotation>
		</bndbox>
		<text>10&#181;F</text>
	</object>
	<object>
		<name>text</name>
		<pose>Unspecified</pose>
		<truncated>0</truncated>
		<difficult>0</difficult>
		<bndbox>
			<xmin>386</xmin>
			<ymin>208</ymin>
			<xmax>506</xmax>
			<ymax>242</ymax>
		</bndbox>
		<text>MMBT3906</text>
	</object>
	<object>
		<name>text</name>
		<pose>Unspecified</pose>
		<truncated>0</truncated>
		<difficult>0</difficult>
		<bndbox>
			<xmin>202</xmin>
			<ymin>671</ymin>
			<xmax>244</xmax>
			<ymax>705</ymax>
		</bndbox>
		<text>12V</text>
	</object>
	<object>
		<name>resistor</name>
		<pose>Unspecified</pose>
		<truncated>0</truncated>
		<difficult>0</difficult>
		<bndbox>
			<xmin>366</xmin>
			<ymin>673</ymin>
			<xmax>390</xmax>
			<ymax>737</ymax>
			<rotation>271</rotation>
		</bndbox>
	</object>
	<object>
		<name>text</name>
		<pose>Unspecified</pose>
		<truncated>0</truncated>
		<difficult>0</difficult>
		<bndbox>
			<xmin>48</xmin>
			<ymin>30</ymin>
			<xmax>132</xmax>
			<ymax>60</ymax>
		</bndbox>
		<text>6 To 16V</text>
	</object>
	<object>
		<name>text</name>
		<pose>Unspecified</pose>
		<truncated>0</truncated>
		<difficult>0</difficult>
		<bndbox>
			<xmin>994</xmin>
			<ymin>72</ymin>
			<xmax>1018</xmax>
			<ymax>94</ymax>
		</bndbox>
		<text>C2</text>
	</object>
	<object>
		<name>text</name>
		<pose>Unspecified</pose>
		<truncated>0</truncated>
		<difficult>0</difficult>
		<bndbox>
			<xmin>1205</xmin>
			<ymin>628</ymin>
			<xmax>1259</xmax>
			<ymax>662</ymax>
		</bndbox>
		<text>22&#181;F</text>
	</object>
	<object>
		<name>text</name>
		<pose>Unspecified</pose>
		<truncated>0</truncated>
		<difficult>0</difficult>
		<bndbox>
			<xmin>359</xmin>
			<ymin>84</ymin>
			<xmax>399</xmax>
			<ymax>108</ymax>
			<rotation>1</rotation>
		</bndbox>
		<text>10K</text>
	</object>
	<object>
		<name>text</name>
		<pose>Unspecified</pose>
		<truncated>0</truncated>
		<difficult>0</difficult>
		<bndbox>
			<xmin>999</xmin>
			<ymin>96</ymin>
			<xmax>1059</xmax>
			<ymax>122</ymax>
		</bndbox>
		<text>1000pF</text>
	</object>
	<object>
		<name>text</name>
		<pose>Unspecified</pose>
		<truncated>0</truncated>
		<difficult>0</difficult>
		<bndbox>
			<xmin>1099</xmin>
			<ymin>617</ymin>
			<xmax>1157</xmax>
			<ymax>645</ymax>
		</bndbox>
		<text>B330</text>
	</object>
	<object>
		<name>resistor</name>
		<pose>Unspecified</pose>
		<truncated>0</truncated>
		<difficult>0</difficult>
		<bndbox>
			<xmin>192</xmin>
			<ymin>142</ymin>
			<xmax>210</xmax>
			<ymax>180</ymax>
			<rotation>90</rotation>
		</bndbox>
	</object>
	<object>
		<name>text</name>
		<pose>Unspecified</pose>
		<truncated>0</truncated>
		<difficult>0</difficult>
		<bndbox>
			<xmin>729</xmin>
			<ymin>499</ymin>
			<xmax>753</xmax>
			<ymax>517</ymax>
			<rotation>358</rotation>
		</bndbox>
		<text>C7</text>
	</object>
	<object>
		<name>text</name>
		<pose>Unspecified</pose>
		<truncated>0</truncated>
		<difficult>0</difficult>
		<bndbox>
			<xmin>24</xmin>
			<ymin>332</ymin>
			<xmax>114</xmax>
			<ymax>377</ymax>
		</bndbox>
		<text>PWM</text>
	</object>
	<object>
		<name>text</name>
		<pose>Unspecified</pose>
		<truncated>0</truncated>
		<difficult>0</difficult>
		<bndbox>
			<xmin>1006</xmin>
			<ymin>345</ymin>
			<xmax>1112</xmax>
			<ymax>377</ymax>
		</bndbox>
		<text>Si9407AEY</text>
	</object>
	<object>
		<name>text</name>
		<pose>Unspecified</pose>
		<truncated>0</truncated>
		<difficult>0</difficult>
		<bndbox>
			<xmin>766</xmin>
			<ymin>191</ymin>
			<xmax>796</xmax>
			<ymax>223</ymax>
		</bndbox>
		<text>RC</text>
	</object>
	<object>
		<name>text</name>
		<pose>Unspecified</pose>
		<truncated>0</truncated>
		<difficult>0</difficult>
		<bndbox>
			<xmin>390</xmin>
			<ymin>161</ymin>
			<xmax>422</xmax>
			<ymax>197</ymax>
		</bndbox>
		<text>Q3</text>
	</object>
	<object>
		<name>transistor.fet</name>
		<pose>Unspecified</pose>
		<truncated>0</truncated>
		<difficult>0</difficult>
		<bndbox>
			<xmin>496</xmin>
			<ymin>540</ymin>
			<xmax>617</xmax>
			<ymax>667</ymax>
		</bndbox>
	</object>
	<object>
		<name>text</name>
		<pose>Unspecified</pose>
		<truncated>0</truncated>
		<difficult>0</difficult>
		<bndbox>
			<xmin>1212</xmin>
			<ymin>592</ymin>
			<xmax>1254</xmax>
			<ymax>624</ymax>
		</bndbox>
		<text>C11</text>
	</object>
	<object>
		<name>text</name>
		<pose>Unspecified</pose>
		<truncated>0</truncated>
		<difficult>0</difficult>
		<bndbox>
			<xmin>575</xmin>
			<ymin>738</ymin>
			<xmax>645</xmax>
			<ymax>778</ymax>
		</bndbox>
		<text>3300pF</text>
	</object>
	<object>
		<name>text</name>
		<pose>Unspecified</pose>
		<truncated>0</truncated>
		<difficult>0</difficult>
		<bndbox>
			<xmin>1256</xmin>
			<ymin>465</ymin>
			<xmax>1337</xmax>
			<ymax>501</ymax>
		</bndbox>
		<text>47&#181;H</text>
	</object>
	<object>
		<name>text</name>
		<pose>Unspecified</pose>
		<truncated>0</truncated>
		<difficult>0</difficult>
		<bndbox>
			<xmin>138</xmin>
			<ymin>459</ymin>
			<xmax>176</xmax>
			<ymax>481</ymax>
		</bndbox>
		<text>10K</text>
	</object>
	<object>
		<name>gnd</name>
		<pose>Unspecified</pose>
		<truncated>0</truncated>
		<difficult>0</difficult>
		<bndbox>
			<xmin>214</xmin>
			<ymin>90</ymin>
			<xmax>248</xmax>
			<ymax>112</ymax>
		</bndbox>
	</object>
	<object>
		<name>text</name>
		<pose>Unspecified</pose>
		<truncated>0</truncated>
		<difficult>0</difficult>
		<bndbox>
			<xmin>1160</xmin>
			<ymin>107</ymin>
			<xmax>1204</xmax>
			<ymax>129</ymax>
		</bndbox>
		<text>0.02</text>
	</object>
	<object>
		<name>text</name>
		<pose>Unspecified</pose>
		<truncated>0</truncated>
		<difficult>0</difficult>
		<bndbox>
			<xmin>581</xmin>
			<ymin>102</ymin>
			<xmax>634</xmax>
			<ymax>137</ymax>
		</bndbox>
		<text>100K</text>
	</object>
	<object>
		<name>text</name>
		<pose>Unspecified</pose>
		<truncated>0</truncated>
		<difficult>0</difficult>
		<bndbox>
			<xmin>914</xmin>
			<ymin>216</ymin>
			<xmax>934</xmax>
			<ymax>240</ymax>
		</bndbox>
		<text>7</text>
	</object>
	<object>
		<name>junction</name>
		<pose>Unspecified</pose>
		<truncated>0</truncated>
		<difficult>0</difficult>
		<bndbox>
			<xmin>1150</xmin>
			<ymin>151</ymin>
			<xmax>1164</xmax>
			<ymax>165</ymax>
		</bndbox>
	</object>
	<object>
		<name>resistor</name>
		<pose>Unspecified</pose>
		<truncated>0</truncated>
		<difficult>0</difficult>
		<bndbox>
			<xmin>328</xmin>
			<ymin>53</ymin>
			<xmax>346</xmax>
			<ymax>89</ymax>
			<rotation>89</rotation>
		</bndbox>
	</object>
	<object>
		<name>text</name>
		<pose>Unspecified</pose>
		<truncated>0</truncated>
		<difficult>0</difficult>
		<bndbox>
			<xmin>781</xmin>
			<ymin>307</ymin>
			<xmax>813</xmax>
			<ymax>330</ymax>
		</bndbox>
		<text>FB</text>
	</object>
	<object>
		<name>junction</name>
		<pose>Unspecified</pose>
		<truncated>0</truncated>
		<difficult>0</difficult>
		<bndbox>
			<xmin>990</xmin>
			<ymin>145</ymin>
			<xmax>1004</xmax>
			<ymax>159</ymax>
		</bndbox>
	</object>
	<object>
		<name>junction</name>
		<pose>Unspecified</pose>
		<truncated>0</truncated>
		<difficult>0</difficult>
		<bndbox>
			<xmin>610</xmin>
			<ymin>259</ymin>
			<xmax>624</xmax>
			<ymax>273</ymax>
		</bndbox>
	</object>
	<object>
		<name>text</name>
		<pose>Unspecified</pose>
		<truncated>0</truncated>
		<difficult>0</difficult>
		<bndbox>
			<xmin>638</xmin>
			<ymin>351</ymin>
			<xmax>660</xmax>
			<ymax>377</ymax>
		</bndbox>
		<text>C3</text>
	</object>
	<object>
		<name>junction</name>
		<pose>Unspecified</pose>
		<truncated>0</truncated>
		<difficult>0</difficult>
		<bndbox>
			<xmin>629</xmin>
			<ymin>38</ymin>
			<xmax>645</xmax>
			<ymax>52</ymax>
		</bndbox>
	</object>
	<object>
		<name>text</name>
		<pose>Unspecified</pose>
		<truncated>0</truncated>
		<difficult>0</difficult>
		<bndbox>
			<xmin>586</xmin>
			<ymin>73</ymin>
			<xmax>620</xmax>
			<ymax>103</ymax>
			<rotation>358</rotation>
		</bndbox>
		<text>R2</text>
	</object>
	<object>
		<name>junction</name>
		<pose>Unspecified</pose>
		<truncated>0</truncated>
		<difficult>0</difficult>
		<bndbox>
			<xmin>937</xmin>
			<ymin>189</ymin>
			<xmax>953</xmax>
			<ymax>207</ymax>
		</bndbox>
	</object>
	<object>
		<name>integrated_circuit</name>
		<pose>Unspecified</pose>
		<truncated>0</truncated>
		<difficult>0</difficult>
		<bndbox>
			<xmin>756</xmin>
			<ymin>167</ymin>
			<xmax>926</xmax>
			<ymax>339</ymax>
			<rotation>4</rotation>
		</bndbox>
	</object>
	<object>
		<name>junction</name>
		<pose>Unspecified</pose>
		<truncated>0</truncated>
		<difficult>0</difficult>
		<bndbox>
			<xmin>653</xmin>
			<ymin>218</ymin>
			<xmax>669</xmax>
			<ymax>234</ymax>
		</bndbox>
	</object>
	<object>
		<name>text</name>
		<pose>Unspecified</pose>
		<truncated>0</truncated>
		<difficult>0</difficult>
		<bndbox>
			<xmin>778</xmin>
			<ymin>278</ymin>
			<xmax>822</xmax>
			<ymax>302</ymax>
		</bndbox>
		<text>COMP</text>
	</object>
	<object>
		<name>text</name>
		<pose>Unspecified</pose>
		<truncated>0</truncated>
		<difficult>0</difficult>
		<bndbox>
			<xmin>872</xmin>
			<ymin>271</ymin>
			<xmax>912</xmax>
			<ymax>297</ymax>
		</bndbox>
		<text>DRV</text>
	</object>
	<object>
		<name>junction</name>
		<pose>Unspecified</pose>
		<truncated>0</truncated>
		<difficult>0</difficult>
		<bndbox>
			<xmin>1127</xmin>
			<ymin>58</ymin>
			<xmax>1141</xmax>
			<ymax>70</ymax>
		</bndbox>
	</object>
	<object>
		<name>resistor</name>
		<pose>Unspecified</pose>
		<truncated>0</truncated>
		<difficult>0</difficult>
		<bndbox>
			<xmin>860</xmin>
			<ymin>747</ymin>
			<xmax>906</xmax>
			<ymax>769</ymax>
			<rotation>181</rotation>
		</bndbox>
	</object>
	<object>
		<name>junction</name>
		<pose>Unspecified</pose>
		<truncated>0</truncated>
		<difficult>0</difficult>
		<bndbox>
			<xmin>332</xmin>
			<ymin>29</ymin>
			<xmax>346</xmax>
			<ymax>41</ymax>
		</bndbox>
	</object>
	<object>
		<name>terminal</name>
		<pose>Unspecified</pose>
		<truncated>0</truncated>
		<difficult>0</difficult>
		<bndbox>
			<xmin>49</xmin>
			<ymin>384</ymin>
			<xmax>71</xmax>
			<ymax>406</ymax>
		</bndbox>
	</object>
	<object>
		<name>junction</name>
		<pose>Unspecified</pose>
		<truncated>0</truncated>
		<difficult>0</difficult>
		<bndbox>
			<xmin>110</xmin>
			<ymin>387</ymin>
			<xmax>124</xmax>
			<ymax>401</ymax>
		</bndbox>
	</object>
	<object>
		<name>junction</name>
		<pose>Unspecified</pose>
		<truncated>0</truncated>
		<difficult>0</difficult>
		<bndbox>
			<xmin>762</xmin>
			<ymin>745</ymin>
			<xmax>778</xmax>
			<ymax>761</ymax>
		</bndbox>
	</object>
	<object>
		<name>junction</name>
		<pose>Unspecified</pose>
		<truncated>0</truncated>
		<difficult>0</difficult>
		<bndbox>
			<xmin>374</xmin>
			<ymin>592</ymin>
			<xmax>388</xmax>
			<ymax>608</ymax>
		</bndbox>
	</object>
	<object>
		<name>junction</name>
		<pose>Unspecified</pose>
		<truncated>0</truncated>
		<difficult>0</difficult>
		<bndbox>
			<xmin>543</xmin>
			<ymin>814</ymin>
			<xmax>559</xmax>
			<ymax>830</ymax>
		</bndbox>
	</object>
	<object>
		<name>junction</name>
		<pose>Unspecified</pose>
		<truncated>0</truncated>
		<difficult>0</difficult>
		<bndbox>
			<xmin>914</xmin>
			<ymin>47</ymin>
			<xmax>930</xmax>
			<ymax>63</ymax>
		</bndbox>
	</object>
	<object>
		<name>junction</name>
		<pose>Unspecified</pose>
		<truncated>0</truncated>
		<difficult>0</difficult>
		<bndbox>
			<xmin>280</xmin>
			<ymin>786</ymin>
			<xmax>292</xmax>
			<ymax>798</ymax>
		</bndbox>
	</object>
	<object>
		<name>text</name>
		<pose>Unspecified</pose>
		<truncated>0</truncated>
		<difficult>0</difficult>
		<bndbox>
			<xmin>1020</xmin>
			<ymin>302</ymin>
			<xmax>1053</xmax>
			<ymax>338</ymax>
		</bndbox>
		<text>Q1</text>
	</object>
	<object>
		<name>junction</name>
		<pose>Unspecified</pose>
		<truncated>0</truncated>
		<difficult>0</difficult>
		<bndbox>
			<xmin>1179</xmin>
			<ymin>830</ymin>
			<xmax>1193</xmax>
			<ymax>844</ymax>
		</bndbox>
	</object>
	<object>
		<name>junction</name>
		<pose>Unspecified</pose>
		<truncated>0</truncated>
		<difficult>0</difficult>
		<bndbox>
			<xmin>1087</xmin>
			<ymin>519</ymin>
			<xmax>1105</xmax>
			<ymax>537</ymax>
		</bndbox>
	</object>
	<object>
		<name>text</name>
		<pose>Unspecified</pose>
		<truncated>0</truncated>
		<difficult>0</difficult>
		<bndbox>
			<xmin>860</xmin>
			<ymin>230</ymin>
			<xmax>906</xmax>
			<ymax>256</ymax>
		</bndbox>
		<text>ISNS</text>
	</object>
	<object>
		<name>resistor</name>
		<pose>Unspecified</pose>
		<truncated>0</truncated>
		<difficult>0</difficult>
		<bndbox>
			<xmin>1056</xmin>
			<ymin>140</ymin>
			<xmax>1108</xmax>
			<ymax>158</ymax>
			<rotation>180</rotation>
		</bndbox>
	</object>
	<object>
		<name>junction</name>
		<pose>Unspecified</pose>
		<truncated>0</truncated>
		<difficult>0</difficult>
		<bndbox>
			<xmin>968</xmin>
			<ymin>51</ymin>
			<xmax>980</xmax>
			<ymax>63</ymax>
		</bndbox>
	</object>
	<object>
		<name>text</name>
		<pose>Unspecified</pose>
		<truncated>0</truncated>
		<difficult>0</difficult>
		<bndbox>
			<xmin>875</xmin>
			<ymin>302</ymin>
			<xmax>921</xmax>
			<ymax>324</ymax>
		</bndbox>
		<text>GND</text>
	</object>
	<object>
		<name>junction</name>
		<pose>Unspecified</pose>
		<truncated>0</truncated>
		<difficult>0</difficult>
		<bndbox>
			<xmin>286</xmin>
			<ymin>597</ymin>
			<xmax>300</xmax>
			<ymax>609</ymax>
		</bndbox>
	</object>
	<object>
		<name>junction</name>
		<pose>Unspecified</pose>
		<truncated>0</truncated>
		<difficult>0</difficult>
		<bndbox>
			<xmin>332</xmin>
			<ymin>114</ymin>
			<xmax>344</xmax>
			<ymax>126</ymax>
		</bndbox>
	</object>
	<object>
		<name>junction</name>
		<pose>Unspecified</pose>
		<truncated>0</truncated>
		<difficult>0</difficult>
		<bndbox>
			<xmin>1335</xmin>
			<ymin>523</ymin>
			<xmax>1347</xmax>
			<ymax>535</ymax>
		</bndbox>
	</object>
	<object>
		<name>text</name>
		<pose>Unspecified</pose>
		<truncated>0</truncated>
		<difficult>0</difficult>
		<bndbox>
			<xmin>859</xmin>
			<ymin>691</ymin>
			<xmax>895</xmax>
			<ymax>731</ymax>
		</bndbox>
		<text>R8</text>
	</object>
	<object>
		<name>text</name>
		<pose>Unspecified</pose>
		<truncated>0</truncated>
		<difficult>0</difficult>
		<bndbox>
			<xmin>1236</xmin>
			<ymin>178</ymin>
			<xmax>1268</xmax>
			<ymax>202</ymax>
		</bndbox>
		<text>C1</text>
	</object>
	<object>
		<name>text</name>
		<pose>Unspecified</pose>
		<truncated>0</truncated>
		<difficult>0</difficult>
		<bndbox>
			<xmin>791</xmin>
			<ymin>142</ymin>
			<xmax>931</xmax>
			<ymax>173</ymax>
		</bndbox>
		<text>TPS40200D</text>
	</object>
	<object>
		<name>junction</name>
		<pose>Unspecified</pose>
		<truncated>0</truncated>
		<difficult>0</difficult>
		<bndbox>
			<xmin>376</xmin>
			<ymin>631</ymin>
			<xmax>390</xmax>
			<ymax>645</ymax>
		</bndbox>
	</object>
	<object>
		<name>junction</name>
		<pose>Unspecified</pose>
		<truncated>0</truncated>
		<difficult>0</difficult>
		<bndbox>
			<xmin>719</xmin>
			<ymin>738</ymin>
			<xmax>733</xmax>
			<ymax>752</ymax>
		</bndbox>
	</object>
	<object>
		<name>resistor</name>
		<pose>Unspecified</pose>
		<truncated>0</truncated>
		<difficult>0</difficult>
		<bndbox>
			<xmin>1133</xmin>
			<ymin>80</ymin>
			<xmax>1151</xmax>
			<ymax>110</ymax>
			<rotation>266</rotation>
		</bndbox>
	</object>
	<object>
		<name>text</name>
		<pose>Unspecified</pose>
		<truncated>0</truncated>
		<difficult>0</difficult>
		<bndbox>
			<xmin>1063</xmin>
			<ymin>156</ymin>
			<xmax>1097</xmax>
			<ymax>185</ymax>
		</bndbox>
		<text>R3</text>
	</object>
	<object>
		<name>junction</name>
		<pose>Unspecified</pose>
		<truncated>0</truncated>
		<difficult>0</difficult>
		<bndbox>
			<xmin>1082</xmin>
			<ymin>830</ymin>
			<xmax>1098</xmax>
			<ymax>846</ymax>
		</bndbox>
	</object>
	<object>
		<name>junction</name>
		<pose>Unspecified</pose>
		<truncated>0</truncated>
		<difficult>0</difficult>
		<bndbox>
			<xmin>795</xmin>
			<ymin>750</ymin>
			<xmax>811</xmax>
			<ymax>766</ymax>
		</bndbox>
	</object>
	<object>
		<name>diode.light_emitting</name>
		<pose>Unspecified</pose>
		<truncated>0</truncated>
		<difficult>0</difficult>
		<bndbox>
			<xmin>1299</xmin>
			<ymin>686</ymin>
			<xmax>1351</xmax>
			<ymax>734</ymax>
			<rotation>273</rotation>
		</bndbox>
	</object>
	<object>
		<name>junction</name>
		<pose>Unspecified</pose>
		<truncated>0</truncated>
		<difficult>0</difficult>
		<bndbox>
			<xmin>680</xmin>
			<ymin>825</ymin>
			<xmax>694</xmax>
			<ymax>839</ymax>
		</bndbox>
	</object>
	<object>
		<name>junction</name>
		<pose>Unspecified</pose>
		<truncated>0</truncated>
		<difficult>0</difficult>
		<bndbox>
			<xmin>966</xmin>
			<ymin>830</ymin>
			<xmax>982</xmax>
			<ymax>846</ymax>
		</bndbox>
	</object>
	<object>
		<name>junction</name>
		<pose>Unspecified</pose>
		<truncated>0</truncated>
		<difficult>0</difficult>
		<bndbox>
			<xmin>201</xmin>
			<ymin>213</ymin>
			<xmax>215</xmax>
			<ymax>227</ymax>
		</bndbox>
	</object>
	<object>
		<name>junction</name>
		<pose>Unspecified</pose>
		<truncated>0</truncated>
		<difficult>0</difficult>
		<bndbox>
			<xmin>994</xmin>
			<ymin>231</ymin>
			<xmax>1006</xmax>
			<ymax>243</ymax>
		</bndbox>
	</object>
	<object>
		<name>text</name>
		<pose>Unspecified</pose>
		<truncated>0</truncated>
		<difficult>0</difficult>
		<bndbox>
			<xmin>903</xmin>
			<ymin>173</ymin>
			<xmax>921</xmax>
			<ymax>199</ymax>
		</bndbox>
		<text>8</text>
	</object>
	<object>
		<name>junction</name>
		<pose>Unspecified</pose>
		<truncated>0</truncated>
		<difficult>0</difficult>
		<bndbox>
			<xmin>712</xmin>
			<ymin>288</ymin>
			<xmax>724</xmax>
			<ymax>300</ymax>
		</bndbox>
	</object>
	<object>
		<name>junction</name>
		<pose>Unspecified</pose>
		<truncated>0</truncated>
		<difficult>0</difficult>
		<bndbox>
			<xmin>643</xmin>
			<ymin>823</ymin>
			<xmax>657</xmax>
			<ymax>839</ymax>
		</bndbox>
	</object>
	<object>
		<name>text</name>
		<pose>Unspecified</pose>
		<truncated>0</truncated>
		<difficult>0</difficult>
		<bndbox>
			<xmin>729</xmin>
			<ymin>533</ymin>
			<xmax>765</xmax>
			<ymax>555</ymax>
		</bndbox>
		<text>470pF</text>
	</object>
	<object>
		<name>transistor.fet</name>
		<pose>Unspecified</pose>
		<truncated>0</truncated>
		<difficult>0</difficult>
		<bndbox>
			<xmin>159</xmin>
			<ymin>262</ymin>
			<xmax>294</xmax>
			<ymax>420</ymax>
			<rotation>6</rotation>
		</bndbox>
	</object>
	<object>
		<name>resistor</name>
		<pose>Unspecified</pose>
		<truncated>0</truncated>
		<difficult>0</difficult>
		<bndbox>
			<xmin>632</xmin>
			<ymin>81</ymin>
			<xmax>651</xmax>
			<ymax>125</ymax>
			<rotation>96</rotation>
		</bndbox>
	</object>
	<object>
		<name>junction</name>
		<pose>Unspecified</pose>
		<truncated>0</truncated>
		<difficult>0</difficult>
		<bndbox>
			<xmin>369</xmin>
			<ymin>791</ymin>
			<xmax>383</xmax>
			<ymax>805</ymax>
		</bndbox>
	</object>
	<object>
		<name>text</name>
		<pose>Unspecified</pose>
		<truncated>0</truncated>
		<difficult>0</difficult>
		<bndbox>
			<xmin>1154</xmin>
			<ymin>82</ymin>
			<xmax>1192</xmax>
			<ymax>107</ymax>
		</bndbox>
		<text>R10</text>
	</object>
	<object>
		<name>junction</name>
		<pose>Unspecified</pose>
		<truncated>0</truncated>
		<difficult>0</difficult>
		<bndbox>
			<xmin>193</xmin>
			<ymin>119</ymin>
			<xmax>205</xmax>
			<ymax>131</ymax>
		</bndbox>
	</object>
	<object>
		<name>transistor.bjt</name>
		<pose>Unspecified</pose>
		<truncated>0</truncated>
		<difficult>0</difficult>
		<bndbox>
			<xmin>313</xmin>
			<ymin>174</ymin>
			<xmax>387</xmax>
			<ymax>256</ymax>
			<rotation>6</rotation>
		</bndbox>
	</object>
	<object>
		<name>text</name>
		<pose>Unspecified</pose>
		<truncated>0</truncated>
		<difficult>0</difficult>
		<bndbox>
			<xmin>213</xmin>
			<ymin>49</ymin>
			<xmax>227</xmax>
			<ymax>66</ymax>
		</bndbox>
		<text>2</text>
	</object>
	<object>
		<name>junction</name>
		<pose>Unspecified</pose>
		<truncated>0</truncated>
		<difficult>0</difficult>
		<bndbox>
			<xmin>1267</xmin>
			<ymin>771</ymin>
			<xmax>1279</xmax>
			<ymax>783</ymax>
		</bndbox>
	</object>
	<object>
		<name>crossover</name>
		<pose>Unspecified</pose>
		<truncated>0</truncated>
		<difficult>0</difficult>
		<bndbox>
			<xmin>955</xmin>
			<ymin>759</ymin>
			<xmax>969</xmax>
			<ymax>773</ymax>
		</bndbox>
	</object>
	<object>
		<name>text</name>
		<pose>Unspecified</pose>
		<truncated>0</truncated>
		<difficult>0</difficult>
		<bndbox>
			<xmin>1249</xmin>
			<ymin>859</ymin>
			<xmax>1369</xmax>
			<ymax>895</ymax>
			<rotation>2</rotation>
		</bndbox>
		<text>-10 To -14V</text>
	</object>
	<object>
		<name>gnd</name>
		<pose>Unspecified</pose>
		<truncated>0</truncated>
		<difficult>0</difficult>
		<bndbox>
			<xmin>1325</xmin>
			<ymin>556</ymin>
			<xmax>1355</xmax>
			<ymax>588</ymax>
		</bndbox>
	</object>
	<object>
		<name>junction</name>
		<pose>Unspecified</pose>
		<truncated>0</truncated>
		<difficult>0</difficult>
		<bndbox>
			<xmin>506</xmin>
			<ymin>263</ymin>
			<xmax>524</xmax>
			<ymax>281</ymax>
		</bndbox>
	</object>
	<object>
		<name>junction</name>
		<pose>Unspecified</pose>
		<truncated>0</truncated>
		<difficult>0</difficult>
		<bndbox>
			<xmin>744</xmin>
			<ymin>285</ymin>
			<xmax>758</xmax>
			<ymax>299</ymax>
		</bndbox>
	</object>
	<object>
		<name>text</name>
		<pose>Unspecified</pose>
		<truncated>0</truncated>
		<difficult>0</difficult>
		<bndbox>
			<xmin>1332</xmin>
			<ymin>646</ymin>
			<xmax>1354</xmax>
			<ymax>674</ymax>
		</bndbox>
		<text>D1</text>
	</object>
	<object>
		<name>capacitor.unpolarized</name>
		<pose>Unspecified</pose>
		<truncated>0</truncated>
		<difficult>0</difficult>
		<bndbox>
			<xmin>1208</xmin>
			<ymin>205</ymin>
			<xmax>1246</xmax>
			<ymax>229</ymax>
			<rotation>91</rotation>
		</bndbox>
	</object>
	<object>
		<name>junction</name>
		<pose>Unspecified</pose>
		<truncated>0</truncated>
		<difficult>0</difficult>
		<bndbox>
			<xmin>1304</xmin>
			<ymin>524</ymin>
			<xmax>1316</xmax>
			<ymax>536</ymax>
		</bndbox>
	</object>
	<object>
		<name>crossover</name>
		<pose>Unspecified</pose>
		<truncated>0</truncated>
		<difficult>0</difficult>
		<bndbox>
			<xmin>657</xmin>
			<ymin>258</ymin>
			<xmax>675</xmax>
			<ymax>275</ymax>
		</bndbox>
	</object>
	<object>
		<name>capacitor.unpolarized</name>
		<pose>Unspecified</pose>
		<truncated>0</truncated>
		<difficult>0</difficult>
		<bndbox>
			<xmin>748</xmin>
			<ymin>398</ymin>
			<xmax>781</xmax>
			<ymax>419</ymax>
			<rotation>92</rotation>
		</bndbox>
	</object>
	<object>
		<name>capacitor.unpolarized</name>
		<pose>Unspecified</pose>
		<truncated>0</truncated>
		<difficult>0</difficult>
		<bndbox>
			<xmin>652</xmin>
			<ymin>409</ymin>
			<xmax>685</xmax>
			<ymax>438</ymax>
			<rotation>90</rotation>
		</bndbox>
	</object>
	<object>
		<name>capacitor.unpolarized</name>
		<pose>Unspecified</pose>
		<truncated>0</truncated>
		<difficult>0</difficult>
		<bndbox>
			<xmin>713</xmin>
			<ymin>520</ymin>
			<xmax>742</xmax>
			<ymax>542</ymax>
			<rotation>90</rotation>
		</bndbox>
	</object>
	<object>
		<name>text</name>
		<pose>Unspecified</pose>
		<truncated>0</truncated>
		<difficult>0</difficult>
		<bndbox>
			<xmin>901</xmin>
			<ymin>548</ymin>
			<xmax>938</xmax>
			<ymax>582</ymax>
		</bndbox>
		<text>1&#181;F</text>
	</object>
	<object>
		<name>text</name>
		<pose>Unspecified</pose>
		<truncated>0</truncated>
		<difficult>0</difficult>
		<bndbox>
			<xmin>740</xmin>
			<ymin>612</ymin>
			<xmax>762</xmax>
			<ymax>638</ymax>
		</bndbox>
		<text>R5</text>
	</object>
	<object>
		<name>text</name>
		<pose>Unspecified</pose>
		<truncated>0</truncated>
		<difficult>0</difficult>
		<bndbox>
			<xmin>733</xmin>
			<ymin>653</ymin>
			<xmax>765</xmax>
			<ymax>679</ymax>
		</bndbox>
		<text>5.11K</text>
	</object>
	<object>
		<name>text</name>
		<pose>Unspecified</pose>
		<truncated>0</truncated>
		<difficult>0</difficult>
		<bndbox>
			<xmin>591</xmin>
			<ymin>683</ymin>
			<xmax>624</xmax>
			<ymax>710</ymax>
		</bndbox>
		<text>C5</text>
	</object>
	<object>
		<name>capacitor.unpolarized</name>
		<pose>Unspecified</pose>
		<truncated>0</truncated>
		<difficult>0</difficult>
		<bndbox>
			<xmin>621</xmin>
			<ymin>721</ymin>
			<xmax>671</xmax>
			<ymax>740</ymax>
			<rotation>90</rotation>
		</bndbox>
	</object>
	<object>
		<name>resistor</name>
		<pose>Unspecified</pose>
		<truncated>0</truncated>
		<difficult>0</difficult>
		<bndbox>
			<xmin>760</xmin>
			<ymin>584</ymin>
			<xmax>778</xmax>
			<ymax>650</ymax>
			<rotation>90</rotation>
		</bndbox>
	</object>
	<object>
		<name>capacitor.unpolarized</name>
		<pose>Unspecified</pose>
		<truncated>0</truncated>
		<difficult>0</difficult>
		<bndbox>
			<xmin>942</xmin>
			<ymin>530</ymin>
			<xmax>978</xmax>
			<ymax>568</ymax>
			<rotation>90</rotation>
		</bndbox>
	</object>
	<object>
		<name>diode.zener</name>
		<pose>Unspecified</pose>
		<truncated>0</truncated>
		<difficult>0</difficult>
		<bndbox>
			<xmin>1059</xmin>
			<ymin>591</ymin>
			<xmax>1098</xmax>
			<ymax>632</ymax>
			<rotation>90</rotation>
		</bndbox>
	</object>
	<object>
		<name>crossover</name>
		<pose>Unspecified</pose>
		<truncated>0</truncated>
		<difficult>0</difficult>
		<bndbox>
			<xmin>1187</xmin>
			<ymin>520</ymin>
			<xmax>1199</xmax>
			<ymax>535</ymax>
		</bndbox>
	</object>
	<object>
		<name>inductor</name>
		<pose>Unspecified</pose>
		<truncated>0</truncated>
		<difficult>0</difficult>
		<bndbox>
			<xmin>1202</xmin>
			<ymin>499</ymin>
			<xmax>1273</xmax>
			<ymax>539</ymax>
		</bndbox>
	</object>
	<object>
		<name>junction</name>
		<pose>Unspecified</pose>
		<truncated>0</truncated>
		<difficult>0</difficult>
		<bndbox>
			<xmin>1271</xmin>
			<ymin>526</ymin>
			<xmax>1284</xmax>
			<ymax>538</ymax>
		</bndbox>
	</object>
	<object>
		<name>capacitor.unpolarized</name>
		<pose>Unspecified</pose>
		<truncated>0</truncated>
		<difficult>0</difficult>
		<bndbox>
			<xmin>1260</xmin>
			<ymin>618</ymin>
			<xmax>1290</xmax>
			<ymax>638</ymax>
			<rotation>90</rotation>
		</bndbox>
	</object>
	<object>
		<name>diode.light_emitting</name>
		<pose>Unspecified</pose>
		<truncated>0</truncated>
		<difficult>0</difficult>
		<bndbox>
			<xmin>1299</xmin>
			<ymin>593</ymin>
			<xmax>1353</xmax>
			<ymax>649</ymax>
			<rotation>271</rotation>
		</bndbox>
	</object>
	<object>
		<name>text</name>
		<pose>Unspecified</pose>
		<truncated>0</truncated>
		<difficult>0</difficult>
		<bndbox>
			<xmin>1339</xmin>
			<ymin>736</ymin>
			<xmax>1369</xmax>
			<ymax>758</ymax>
		</bndbox>
		<text>D2</text>
	</object>
	<object>
		<name>text</name>
		<pose>Unspecified</pose>
		<truncated>0</truncated>
		<difficult>0</difficult>
		<bndbox>
			<xmin>1213</xmin>
			<ymin>783</ymin>
			<xmax>1244</xmax>
			<ymax>813</ymax>
		</bndbox>
		<text>R1</text>
	</object>
	<object>
		<name>text</name>
		<pose>Unspecified</pose>
		<truncated>0</truncated>
		<difficult>0</difficult>
		<bndbox>
			<xmin>1222</xmin>
			<ymin>805</ymin>
			<xmax>1273</xmax>
			<ymax>828</ymax>
		</bndbox>
		<text>0.75</text>
	</object>
	<object>
		<name>resistor</name>
		<pose>Unspecified</pose>
		<truncated>0</truncated>
		<difficult>0</difficult>
		<bndbox>
			<xmin>1228</xmin>
			<ymin>826</ymin>
			<xmax>1276</xmax>
			<ymax>852</ymax>
			<rotation>166</rotation>
		</bndbox>
	</object>
	<object>
		<name>crossover</name>
		<pose>Unspecified</pose>
		<truncated>0</truncated>
		<difficult>0</difficult>
		<bndbox>
			<xmin>1165</xmin>
			<ymin>763</ymin>
			<xmax>1180</xmax>
			<ymax>778</ymax>
		</bndbox>
	</object>
	<object>
		<name>crossover</name>
		<pose>Unspecified</pose>
		<truncated>0</truncated>
		<difficult>0</difficult>
		<bndbox>
			<xmin>1065</xmin>
			<ymin>764</ymin>
			<xmax>1081</xmax>
			<ymax>779</ymax>
		</bndbox>
	</object>
	<object>
		<name>junction</name>
		<pose>Unspecified</pose>
		<truncated>0</truncated>
		<difficult>0</difficult>
		<bndbox>
			<xmin>1286</xmin>
			<ymin>841</ymin>
			<xmax>1297</xmax>
			<ymax>853</ymax>
		</bndbox>
	</object>
	<object>
		<name>junction</name>
		<pose>Unspecified</pose>
		<truncated>0</truncated>
		<difficult>0</difficult>
		<bndbox>
			<xmin>1300</xmin>
			<ymin>842</ymin>
			<xmax>1313</xmax>
			<ymax>854</ymax>
		</bndbox>
	</object>
	<object>
		<name>junction</name>
		<pose>Unspecified</pose>
		<truncated>0</truncated>
		<difficult>0</difficult>
		<bndbox>
			<xmin>1339</xmin>
			<ymin>847</ymin>
			<xmax>1352</xmax>
			<ymax>860</ymax>
		</bndbox>
	</object>
	<object>
		<name>text</name>
		<pose>Unspecified</pose>
		<truncated>0</truncated>
		<difficult>0</difficult>
		<bndbox>
			<xmin>1352</xmin>
			<ymin>808</ymin>
			<xmax>1383</xmax>
			<ymax>842</ymax>
		</bndbox>
		<text>D3</text>
	</object>
	<object>
		<name>text</name>
		<pose>Unspecified</pose>
		<truncated>0</truncated>
		<difficult>0</difficult>
		<bndbox>
			<xmin>1307</xmin>
			<ymin>894</ymin>
			<xmax>1370</xmax>
			<ymax>921</ymax>
		</bndbox>
		<text>0.9A</text>
	</object>
	<object>
		<name>diode.light_emitting</name>
		<pose>Unspecified</pose>
		<truncated>0</truncated>
		<difficult>0</difficult>
		<bndbox>
			<xmin>1306</xmin>
			<ymin>755</ymin>
			<xmax>1366</xmax>
			<ymax>813</ymax>
			<rotation>281</rotation>
		</bndbox>
	</object>
	<object>
		<name>text</name>
		<pose>Unspecified</pose>
		<truncated>0</truncated>
		<difficult>0</difficult>
		<bndbox>
			<xmin>857</xmin>
			<ymin>728</ymin>
			<xmax>911</xmax>
			<ymax>749</ymax>
		</bndbox>
		<text>20K</text>
	</object>
	<object>
		<name>text</name>
		<pose>Unspecified</pose>
		<truncated>0</truncated>
		<difficult>0</difficult>
		<bndbox>
			<xmin>169</xmin>
			<ymin>2</ymin>
			<xmax>193</xmax>
			<ymax>24</ymax>
		</bndbox>
		<text>J1</text>
	</object>
	<object>
		<name>text</name>
		<pose>Unspecified</pose>
		<truncated>0</truncated>
		<difficult>0</difficult>
		<bndbox>
			<xmin>227</xmin>
			<ymin>14</ymin>
			<xmax>238</xmax>
			<ymax>31</ymax>
		</bndbox>
		<text>1</text>
	</object>
	<object>
		<name>text</name>
		<pose>Unspecified</pose>
		<truncated>0</truncated>
		<difficult>0</difficult>
		<bndbox>
			<xmin>156</xmin>
			<ymin>52</ymin>
			<xmax>197</xmax>
			<ymax>74</ymax>
		</bndbox>
		<text>GND</text>
	</object>
	<object>
		<name>junction</name>
		<pose>Unspecified</pose>
		<truncated>0</truncated>
		<difficult>0</difficult>
		<bndbox>
			<xmin>229</xmin>
			<ymin>65</ymin>
			<xmax>238</xmax>
			<ymax>75</ymax>
		</bndbox>
	</object>
	<object>
		<name>terminal</name>
		<pose>Unspecified</pose>
		<truncated>0</truncated>
		<difficult>0</difficult>
		<bndbox>
			<xmin>145</xmin>
			<ymin>23</ymin>
			<xmax>213</xmax>
			<ymax>92</ymax>
		</bndbox>
	</object>
	<object>
		<name>text</name>
		<pose>Unspecified</pose>
		<truncated>0</truncated>
		<difficult>0</difficult>
		<bndbox>
			<xmin>348</xmin>
			<ymin>52</ymin>
			<xmax>380</xmax>
			<ymax>86</ymax>
		</bndbox>
		<text>R4</text>
	</object>
	<object>
		<name>diode.zener</name>
		<pose>Unspecified</pose>
		<truncated>0</truncated>
		<difficult>0</difficult>
		<bndbox>
			<xmin>266</xmin>
			<ymin>673</ymin>
			<xmax>306</xmax>
			<ymax>711</ymax>
			<rotation>90</rotation>
		</bndbox>
	</object>
	<object>
		<name>text</name>
		<pose>Unspecified</pose>
		<truncated>0</truncated>
		<difficult>0</difficult>
		<bndbox>
			<xmin>391</xmin>
			<ymin>683</ymin>
			<xmax>422</xmax>
			<ymax>714</ymax>
		</bndbox>
		<text>R7</text>
	</object>
	<object>
		<name>text</name>
		<pose>Unspecified</pose>
		<truncated>0</truncated>
		<difficult>0</difficult>
		<bndbox>
			<xmin>731</xmin>
			<ymin>348</ymin>
			<xmax>751</xmax>
			<ymax>375</ymax>
		</bndbox>
		<text>C4</text>
	</object>
	<object>
		<name>text</name>
		<pose>Unspecified</pose>
		<truncated>0</truncated>
		<difficult>0</difficult>
		<bndbox>
			<xmin>728</xmin>
			<ymin>376</ymin>
			<xmax>754</xmax>
			<ymax>412</ymax>
		</bndbox>
		<text>0.01&#181;F</text>
	</object>
	<object>
		<name>text</name>
		<pose>Unspecified</pose>
		<truncated>0</truncated>
		<difficult>0</difficult>
		<bndbox>
			<xmin>640</xmin>
			<ymin>379</ymin>
			<xmax>666</xmax>
			<ymax>418</ymax>
		</bndbox>
		<text>220PF</text>
	</object>
	<object>
		<name>junction</name>
		<pose>Unspecified</pose>
		<truncated>0</truncated>
		<difficult>0</difficult>
		<bndbox>
			<xmin>1201</xmin>
			<ymin>67</ymin>
			<xmax>1213</xmax>
			<ymax>80</ymax>
		</bndbox>
	</object>
	<object>
		<name>capacitor.unpolarized</name>
		<pose>Unspecified</pose>
		<truncated>0</truncated>
		<difficult>0</difficult>
		<bndbox>
			<xmin>970</xmin>
			<ymin>90</ymin>
			<xmax>1002</xmax>
			<ymax>107</ymax>
			<rotation>94</rotation>
		</bndbox>
	</object>
	<object>
		<name>junction</name>
		<pose>Unspecified</pose>
		<truncated>0</truncated>
		<difficult>0</difficult>
		<bndbox>
			<xmin>1110</xmin>
			<ymin>208</ymin>
			<xmax>1119</xmax>
			<ymax>219</ymax>
		</bndbox>
	</object>
	<object>
		<name>junction</name>
		<pose>Unspecified</pose>
		<truncated>0</truncated>
		<difficult>0</difficult>
		<bndbox>
			<xmin>1156</xmin>
			<ymin>207</ymin>
			<xmax>1167</xmax>
			<ymax>218</ymax>
		</bndbox>
	</object>
	<object>
		<name>text</name>
		<pose>Unspecified</pose>
		<truncated>0</truncated>
		<difficult>0</difficult>
		<bndbox>
			<xmin>1072</xmin>
			<ymin>182</ymin>
			<xmax>1101</xmax>
			<ymax>202</ymax>
		</bndbox>
		<text>1K</text>
	</object>
	<object>
		<name>crossover</name>
		<pose>Unspecified</pose>
		<truncated>0</truncated>
		<difficult>0</difficult>
		<bndbox>
			<xmin>941</xmin>
			<ymin>236</ymin>
			<xmax>956</xmax>
			<ymax>249</ymax>
		</bndbox>
	</object>
	<object>
		<name>crossover</name>
		<pose>Unspecified</pose>
		<truncated>0</truncated>
		<difficult>0</difficult>
		<bndbox>
			<xmin>945</xmin>
			<ymin>273</ymin>
			<xmax>961</xmax>
			<ymax>288</ymax>
		</bndbox>
	</object>
	<object>
		<name>junction</name>
		<pose>Unspecified</pose>
		<truncated>0</truncated>
		<difficult>0</difficult>
		<bndbox>
			<xmin>764</xmin>
			<ymin>319</ymin>
			<xmax>773</xmax>
			<ymax>328</ymax>
		</bndbox>
	</object>
	<object>
		<name>text</name>
		<pose>Unspecified</pose>
		<truncated>0</truncated>
		<difficult>0</difficult>
		<bndbox>
			<xmin>867</xmin>
			<ymin>189</ymin>
			<xmax>902</xmax>
			<ymax>212</ymax>
		</bndbox>
		<text>VDD</text>
	</object>
	<object>
		<name>text</name>
		<pose>Unspecified</pose>
		<truncated>0</truncated>
		<difficult>0</difficult>
		<bndbox>
			<xmin>774</xmin>
			<ymin>243</ymin>
			<xmax>799</xmax>
			<ymax>269</ymax>
		</bndbox>
		<text>SS</text>
	</object>
	<object>
		<name>text</name>
		<pose>Unspecified</pose>
		<truncated>0</truncated>
		<difficult>0</difficult>
		<bndbox>
			<xmin>739</xmin>
			<ymin>195</ymin>
			<xmax>752</xmax>
			<ymax>216</ymax>
		</bndbox>
		<text>1</text>
	</object>
	<object>
		<name>text</name>
		<pose>Unspecified</pose>
		<truncated>0</truncated>
		<difficult>0</difficult>
		<bndbox>
			<xmin>751</xmin>
			<ymin>243</ymin>
			<xmax>766</xmax>
			<ymax>257</ymax>
		</bndbox>
		<text>2</text>
	</object>
	<object>
		<name>text</name>
		<pose>Unspecified</pose>
		<truncated>0</truncated>
		<difficult>0</difficult>
		<bndbox>
			<xmin>761</xmin>
			<ymin>275</ymin>
			<xmax>772</xmax>
			<ymax>294</ymax>
		</bndbox>
		<text>3</text>
	</object>
	<object>
		<name>text</name>
		<pose>Unspecified</pose>
		<truncated>0</truncated>
		<difficult>0</difficult>
		<bndbox>
			<xmin>763</xmin>
			<ymin>302</ymin>
			<xmax>773</xmax>
			<ymax>318</ymax>
		</bndbox>
		<text>4</text>
	</object>
	<object>
		<name>text</name>
		<pose>Unspecified</pose>
		<truncated>0</truncated>
		<difficult>0</difficult>
		<bndbox>
			<xmin>795</xmin>
			<ymin>119</ymin>
			<xmax>839</xmax>
			<ymax>149</ymax>
		</bndbox>
		<text>IC1</text>
	</object>
	<object>
		<name>text</name>
		<pose>Unspecified</pose>
		<truncated>0</truncated>
		<difficult>0</difficult>
		<bndbox>
			<xmin>128</xmin>
			<ymin>418</ymin>
			<xmax>155</xmax>
			<ymax>455</ymax>
		</bndbox>
		<text>R9</text>
	</object>
	<object>
		<name>text</name>
		<pose>Unspecified</pose>
		<truncated>0</truncated>
		<difficult>0</difficult>
		<bndbox>
			<xmin>1220</xmin>
			<ymin>461</ymin>
			<xmax>1248</xmax>
			<ymax>493</ymax>
		</bndbox>
		<text>L1</text>
	</object>
</annotation>
