<annotation>
	<folder>images</folder>
	<filename>C291_D1_P2.jpeg</filename>
	<path>./drafter_25/images/C291_D1_P2.jpeg</path>
	<source>
		<database>CGHD</database>
	</source>
	<size>
		<width>1000</width>
		<height>1000</height>
		<depth>3</depth>
	</size>
	<segmented>0</segmented>
	<object>
		<name>gnd</name>
		<pose>Unspecified</pose>
		<truncated>0</truncated>
		<difficult>0</difficult>
		<bndbox>
			<xmin>71</xmin>
			<ymin>494</ymin>
			<xmax>103</xmax>
			<ymax>514</ymax>
			<rotation>359</rotation>
		</bndbox>
	</object>
	<object>
		<name>text</name>
		<pose>Unspecified</pose>
		<truncated>0</truncated>
		<difficult>0</difficult>
		<bndbox>
			<xmin>501</xmin>
			<ymin>134</ymin>
			<xmax>549</xmax>
			<ymax>160</ymax>
			<rotation>359</rotation>
		</bndbox>
		<text>100K</text>
	</object>
	<object>
		<name>gnd</name>
		<pose>Unspecified</pose>
		<truncated>0</truncated>
		<difficult>0</difficult>
		<bndbox>
			<xmin>128</xmin>
			<ymin>416</ymin>
			<xmax>158</xmax>
			<ymax>438</ymax>
			<rotation>4</rotation>
		</bndbox>
	</object>
	<object>
		<name>text</name>
		<pose>Unspecified</pose>
		<truncated>0</truncated>
		<difficult>0</difficult>
		<bndbox>
			<xmin>1</xmin>
			<ymin>55</ymin>
			<xmax>49</xmax>
			<ymax>85</ymax>
			<rotation>3</rotation>
		</bndbox>
		<text>6 TO 16V</text>
	</object>
	<object>
		<name>resistor</name>
		<pose>Unspecified</pose>
		<truncated>0</truncated>
		<difficult>0</difficult>
		<bndbox>
			<xmin>476</xmin>
			<ymin>109</ymin>
			<xmax>496</xmax>
			<ymax>157</ymax>
			<rotation>272</rotation>
		</bndbox>
	</object>
	<object>
		<name>text</name>
		<pose>Unspecified</pose>
		<truncated>0</truncated>
		<difficult>0</difficult>
		<bndbox>
			<xmin>181</xmin>
			<ymin>335</ymin>
			<xmax>245</xmax>
			<ymax>365</ymax>
			<rotation>1</rotation>
		</bndbox>
		<text>2N700</text>
	</object>
	<object>
		<name>text</name>
		<pose>Unspecified</pose>
		<truncated>0</truncated>
		<difficult>0</difficult>
		<bndbox>
			<xmin>273</xmin>
			<ymin>634</ymin>
			<xmax>318</xmax>
			<ymax>658</ymax>
		</bndbox>
		<text>4.99K</text>
	</object>
	<object>
		<name>text</name>
		<pose>Unspecified</pose>
		<truncated>0</truncated>
		<difficult>0</difficult>
		<bndbox>
			<xmin>1106</xmin>
			<ymin>545</ymin>
			<xmax>1123</xmax>
			<ymax>572</ymax>
		</bndbox>
		<text>D2</text>
	</object>
	<object>
		<name>text</name>
		<pose>Unspecified</pose>
		<truncated>0</truncated>
		<difficult>0</difficult>
		<bndbox>
			<xmin>862</xmin>
			<ymin>105</ymin>
			<xmax>916</xmax>
			<ymax>133</ymax>
			<rotation>358</rotation>
		</bndbox>
		<text>1000nF</text>
	</object>
	<object>
		<name>text</name>
		<pose>Unspecified</pose>
		<truncated>0</truncated>
		<difficult>0</difficult>
		<bndbox>
			<xmin>1103</xmin>
			<ymin>490</ymin>
			<xmax>1123</xmax>
			<ymax>508</ymax>
		</bndbox>
		<text>D1</text>
	</object>
	<object>
		<name>text</name>
		<pose>Unspecified</pose>
		<truncated>0</truncated>
		<difficult>0</difficult>
		<bndbox>
			<xmin>751</xmin>
			<ymin>500</ymin>
			<xmax>775</xmax>
			<ymax>524</ymax>
			<rotation>1</rotation>
		</bndbox>
		<text>C6</text>
	</object>
	<object>
		<name>text</name>
		<pose>Unspecified</pose>
		<truncated>0</truncated>
		<difficult>0</difficult>
		<bndbox>
			<xmin>244</xmin>
			<ymin>195</ymin>
			<xmax>342</xmax>
			<ymax>221</ymax>
		</bndbox>
		<text>MMBT3906</text>
	</object>
	<object>
		<name>text</name>
		<pose>Unspecified</pose>
		<truncated>0</truncated>
		<difficult>0</difficult>
		<bndbox>
			<xmin>759</xmin>
			<ymin>296</ymin>
			<xmax>771</xmax>
			<ymax>316</ymax>
			<rotation>349</rotation>
		</bndbox>
		<text>8</text>
	</object>
	<object>
		<name>text</name>
		<pose>Unspecified</pose>
		<truncated>0</truncated>
		<difficult>0</difficult>
		<bndbox>
			<xmin>146</xmin>
			<ymin>641</ymin>
			<xmax>182</xmax>
			<ymax>665</ymax>
		</bndbox>
		<text>12V</text>
	</object>
	<object>
		<name>text</name>
		<pose>Unspecified</pose>
		<truncated>0</truncated>
		<difficult>0</difficult>
		<bndbox>
			<xmin>148</xmin>
			<ymin>608</ymin>
			<xmax>174</xmax>
			<ymax>634</ymax>
		</bndbox>
		<text>D5</text>
	</object>
	<object>
		<name>resistor</name>
		<pose>Unspecified</pose>
		<truncated>0</truncated>
		<difficult>0</difficult>
		<bndbox>
			<xmin>100</xmin>
			<ymin>193</ymin>
			<xmax>118</xmax>
			<ymax>231</ymax>
			<rotation>92</rotation>
		</bndbox>
	</object>
	<object>
		<name>resistor</name>
		<pose>Unspecified</pose>
		<truncated>0</truncated>
		<difficult>0</difficult>
		<bndbox>
			<xmin>922</xmin>
			<ymin>64</ymin>
			<xmax>938</xmax>
			<ymax>104</ymax>
			<rotation>91</rotation>
		</bndbox>
	</object>
	<object>
		<name>text</name>
		<pose>Unspecified</pose>
		<truncated>0</truncated>
		<difficult>0</difficult>
		<bndbox>
			<xmin>475</xmin>
			<ymin>641</ymin>
			<xmax>527</xmax>
			<ymax>677</ymax>
		</bndbox>
		<text>3300PF</text>
	</object>
	<object>
		<name>text</name>
		<pose>Unspecified</pose>
		<truncated>0</truncated>
		<difficult>0</difficult>
		<bndbox>
			<xmin>1007</xmin>
			<ymin>507</ymin>
			<xmax>1031</xmax>
			<ymax>527</ymax>
			<rotation>2</rotation>
		</bndbox>
		<text>C1</text>
	</object>
	<object>
		<name>text</name>
		<pose>Unspecified</pose>
		<truncated>0</truncated>
		<difficult>0</difficult>
		<bndbox>
			<xmin>749</xmin>
			<ymin>527</ymin>
			<xmax>781</xmax>
			<ymax>549</ymax>
		</bndbox>
		<text>1&#181;F</text>
	</object>
	<object>
		<name>text</name>
		<pose>Unspecified</pose>
		<truncated>0</truncated>
		<difficult>0</difficult>
		<bndbox>
			<xmin>926</xmin>
			<ymin>515</ymin>
			<xmax>954</xmax>
			<ymax>535</ymax>
			<rotation>1</rotation>
		</bndbox>
		<text>D4</text>
	</object>
	<object>
		<name>text</name>
		<pose>Unspecified</pose>
		<truncated>0</truncated>
		<difficult>0</difficult>
		<bndbox>
			<xmin>1016</xmin>
			<ymin>127</ymin>
			<xmax>1044</xmax>
			<ymax>155</ymax>
			<rotation>1</rotation>
		</bndbox>
		<text>C1</text>
	</object>
	<object>
		<name>text</name>
		<pose>Unspecified</pose>
		<truncated>0</truncated>
		<difficult>0</difficult>
		<bndbox>
			<xmin>173</xmin>
			<ymin>307</ymin>
			<xmax>203</xmax>
			<ymax>333</ymax>
			<rotation>354</rotation>
		</bndbox>
		<text>Qu</text>
	</object>
	<object>
		<name>junction</name>
		<pose>Unspecified</pose>
		<truncated>0</truncated>
		<difficult>0</difficult>
		<bndbox>
			<xmin>920</xmin>
			<ymin>40</ymin>
			<xmax>934</xmax>
			<ymax>52</ymax>
		</bndbox>
	</object>
	<object>
		<name>text</name>
		<pose>Unspecified</pose>
		<truncated>0</truncated>
		<difficult>0</difficult>
		<bndbox>
			<xmin>1013</xmin>
			<ymin>154</ymin>
			<xmax>1081</xmax>
			<ymax>188</ymax>
			<rotation>1</rotation>
		</bndbox>
		<text>10&#181;F</text>
	</object>
	<object>
		<name>transistor.bjt</name>
		<pose>Unspecified</pose>
		<truncated>0</truncated>
		<difficult>0</difficult>
		<bndbox>
			<xmin>184</xmin>
			<ymin>222</ymin>
			<xmax>264</xmax>
			<ymax>302</ymax>
			<rotation>3</rotation>
		</bndbox>
	</object>
	<object>
		<name>text</name>
		<pose>Unspecified</pose>
		<truncated>0</truncated>
		<difficult>0</difficult>
		<bndbox>
			<xmin>24</xmin>
			<ymin>345</ymin>
			<xmax>64</xmax>
			<ymax>373</ymax>
		</bndbox>
		<text>PWM</text>
	</object>
	<object>
		<name>text</name>
		<pose>Unspecified</pose>
		<truncated>0</truncated>
		<difficult>0</difficult>
		<bndbox>
			<xmin>878</xmin>
			<ymin>169</ymin>
			<xmax>902</xmax>
			<ymax>193</ymax>
			<rotation>359</rotation>
		</bndbox>
		<text>R3</text>
	</object>
	<object>
		<name>text</name>
		<pose>Unspecified</pose>
		<truncated>0</truncated>
		<difficult>0</difficult>
		<bndbox>
			<xmin>67</xmin>
			<ymin>15</ymin>
			<xmax>87</xmax>
			<ymax>31</ymax>
			<rotation>359</rotation>
		</bndbox>
		<text>J1</text>
	</object>
	<object>
		<name>text</name>
		<pose>Unspecified</pose>
		<truncated>0</truncated>
		<difficult>0</difficult>
		<bndbox>
			<xmin>716</xmin>
			<ymin>312</ymin>
			<xmax>748</xmax>
			<ymax>330</ymax>
		</bndbox>
		<text>VDD</text>
	</object>
	<object>
		<name>text</name>
		<pose>Unspecified</pose>
		<truncated>0</truncated>
		<difficult>0</difficult>
		<bndbox>
			<xmin>927</xmin>
			<ymin>537</ymin>
			<xmax>967</xmax>
			<ymax>563</ymax>
		</bndbox>
		<text>B330</text>
	</object>
	<object>
		<name>junction</name>
		<pose>Unspecified</pose>
		<truncated>0</truncated>
		<difficult>0</difficult>
		<bndbox>
			<xmin>1079</xmin>
			<ymin>419</ymin>
			<xmax>1091</xmax>
			<ymax>431</ymax>
		</bndbox>
	</object>
	<object>
		<name>text</name>
		<pose>Unspecified</pose>
		<truncated>0</truncated>
		<difficult>0</difficult>
		<bndbox>
			<xmin>710</xmin>
			<ymin>389</ymin>
			<xmax>750</xmax>
			<ymax>409</ymax>
		</bndbox>
		<text>DRV</text>
	</object>
	<object>
		<name>junction</name>
		<pose>Unspecified</pose>
		<truncated>0</truncated>
		<difficult>0</difficult>
		<bndbox>
			<xmin>800</xmin>
			<ymin>696</ymin>
			<xmax>812</xmax>
			<ymax>708</ymax>
		</bndbox>
	</object>
	<object>
		<name>junction</name>
		<pose>Unspecified</pose>
		<truncated>0</truncated>
		<difficult>0</difficult>
		<bndbox>
			<xmin>533</xmin>
			<ymin>695</ymin>
			<xmax>545</xmax>
			<ymax>707</ymax>
		</bndbox>
	</object>
	<object>
		<name>junction</name>
		<pose>Unspecified</pose>
		<truncated>0</truncated>
		<difficult>0</difficult>
		<bndbox>
			<xmin>114</xmin>
			<ymin>259</ymin>
			<xmax>130</xmax>
			<ymax>275</ymax>
		</bndbox>
	</object>
	<object>
		<name>text</name>
		<pose>Unspecified</pose>
		<truncated>0</truncated>
		<difficult>0</difficult>
		<bndbox>
			<xmin>226</xmin>
			<ymin>113</ymin>
			<xmax>260</xmax>
			<ymax>135</ymax>
		</bndbox>
		<text>10K</text>
	</object>
	<object>
		<name>text</name>
		<pose>Unspecified</pose>
		<truncated>0</truncated>
		<difficult>0</difficult>
		<bndbox>
			<xmin>656</xmin>
			<ymin>240</ymin>
			<xmax>694</xmax>
			<ymax>266</ymax>
			<rotation>4</rotation>
		</bndbox>
		<text>IC1</text>
	</object>
	<object>
		<name>text</name>
		<pose>Unspecified</pose>
		<truncated>0</truncated>
		<difficult>0</difficult>
		<bndbox>
			<xmin>94</xmin>
			<ymin>462</ymin>
			<xmax>118</xmax>
			<ymax>482</ymax>
			<rotation>3</rotation>
		</bndbox>
		<text>10K</text>
	</object>
	<object>
		<name>junction</name>
		<pose>Unspecified</pose>
		<truncated>0</truncated>
		<difficult>0</difficult>
		<bndbox>
			<xmin>478</xmin>
			<ymin>42</ymin>
			<xmax>494</xmax>
			<ymax>58</ymax>
		</bndbox>
	</object>
	<object>
		<name>text</name>
		<pose>Unspecified</pose>
		<truncated>0</truncated>
		<difficult>0</difficult>
		<bndbox>
			<xmin>941</xmin>
			<ymin>94</ymin>
			<xmax>987</xmax>
			<ymax>116</ymax>
			<rotation>1</rotation>
		</bndbox>
		<text>0.0&#937;</text>
	</object>
	<object>
		<name>text</name>
		<pose>Unspecified</pose>
		<truncated>0</truncated>
		<difficult>0</difficult>
		<bndbox>
			<xmin>991</xmin>
			<ymin>535</ymin>
			<xmax>1027</xmax>
			<ymax>559</ymax>
		</bndbox>
		<text>22&#181;F</text>
	</object>
	<object>
		<name>junction</name>
		<pose>Unspecified</pose>
		<truncated>0</truncated>
		<difficult>0</difficult>
		<bndbox>
			<xmin>497</xmin>
			<ymin>334</ymin>
			<xmax>509</xmax>
			<ymax>346</ymax>
		</bndbox>
	</object>
	<object>
		<name>junction</name>
		<pose>Unspecified</pose>
		<truncated>0</truncated>
		<difficult>0</difficult>
		<bndbox>
			<xmin>891</xmin>
			<ymin>696</ymin>
			<xmax>905</xmax>
			<ymax>710</ymax>
		</bndbox>
	</object>
	<object>
		<name>text</name>
		<pose>Unspecified</pose>
		<truncated>0</truncated>
		<difficult>0</difficult>
		<bndbox>
			<xmin>633</xmin>
			<ymin>270</ymin>
			<xmax>745</xmax>
			<ymax>292</ymax>
		</bndbox>
		<text>TPS40200D</text>
	</object>
	<object>
		<name>junction</name>
		<pose>Unspecified</pose>
		<truncated>0</truncated>
		<difficult>0</difficult>
		<bndbox>
			<xmin>1121</xmin>
			<ymin>417</ymin>
			<xmax>1131</xmax>
			<ymax>427</ymax>
		</bndbox>
	</object>
	<object>
		<name>junction</name>
		<pose>Unspecified</pose>
		<truncated>0</truncated>
		<difficult>0</difficult>
		<bndbox>
			<xmin>263</xmin>
			<ymin>694</ymin>
			<xmax>275</xmax>
			<ymax>706</ymax>
		</bndbox>
	</object>
	<object>
		<name>junction</name>
		<pose>Unspecified</pose>
		<truncated>0</truncated>
		<difficult>0</difficult>
		<bndbox>
			<xmin>847</xmin>
			<ymin>158</ymin>
			<xmax>859</xmax>
			<ymax>170</ymax>
		</bndbox>
	</object>
	<object>
		<name>text</name>
		<pose>Unspecified</pose>
		<truncated>0</truncated>
		<difficult>0</difficult>
		<bndbox>
			<xmin>325</xmin>
			<ymin>532</ymin>
			<xmax>393</xmax>
			<ymax>562</ymax>
		</bndbox>
		<text>2N7002</text>
	</object>
	<object>
		<name>junction</name>
		<pose>Unspecified</pose>
		<truncated>0</truncated>
		<difficult>0</difficult>
		<bndbox>
			<xmin>462</xmin>
			<ymin>694</ymin>
			<xmax>474</xmax>
			<ymax>706</ymax>
		</bndbox>
	</object>
	<object>
		<name>text</name>
		<pose>Unspecified</pose>
		<truncated>0</truncated>
		<difficult>0</difficult>
		<bndbox>
			<xmin>711</xmin>
			<ymin>355</ymin>
			<xmax>753</xmax>
			<ymax>377</ymax>
		</bndbox>
		<text>ISNS</text>
	</object>
	<object>
		<name>text</name>
		<pose>Unspecified</pose>
		<truncated>0</truncated>
		<difficult>0</difficult>
		<bndbox>
			<xmin>498</xmin>
			<ymin>105</ymin>
			<xmax>526</xmax>
			<ymax>135</ymax>
			<rotation>353</rotation>
		</bndbox>
		<text>R2</text>
	</object>
	<object>
		<name>text</name>
		<pose>Unspecified</pose>
		<truncated>0</truncated>
		<difficult>0</difficult>
		<bndbox>
			<xmin>250</xmin>
			<ymin>171</ymin>
			<xmax>282</xmax>
			<ymax>195</ymax>
			<rotation>2</rotation>
		</bndbox>
		<text>Q3</text>
	</object>
	<object>
		<name>text</name>
		<pose>Unspecified</pose>
		<truncated>0</truncated>
		<difficult>0</difficult>
		<bndbox>
			<xmin>710</xmin>
			<ymin>418</ymin>
			<xmax>754</xmax>
			<ymax>440</ymax>
		</bndbox>
		<text>GND</text>
	</object>
	<object>
		<name>text</name>
		<pose>Unspecified</pose>
		<truncated>0</truncated>
		<difficult>0</difficult>
		<bndbox>
			<xmin>474</xmin>
			<ymin>622</ymin>
			<xmax>494</xmax>
			<ymax>640</ymax>
		</bndbox>
		<text>C5</text>
	</object>
	<object>
		<name>text</name>
		<pose>Unspecified</pose>
		<truncated>0</truncated>
		<difficult>0</difficult>
		<bndbox>
			<xmin>123</xmin>
			<ymin>215</ymin>
			<xmax>155</xmax>
			<ymax>235</ymax>
			<rotation>197</rotation>
		</bndbox>
		<text>10K</text>
	</object>
	<object>
		<name>text</name>
		<pose>Unspecified</pose>
		<truncated>0</truncated>
		<difficult>0</difficult>
		<bndbox>
			<xmin>866</xmin>
			<ymin>77</ymin>
			<xmax>896</xmax>
			<ymax>99</ymax>
			<rotation>357</rotation>
		</bndbox>
		<text>C2</text>
	</object>
	<object>
		<name>junction</name>
		<pose>Unspecified</pose>
		<truncated>0</truncated>
		<difficult>0</difficult>
		<bndbox>
			<xmin>445</xmin>
			<ymin>370</ymin>
			<xmax>457</xmax>
			<ymax>382</ymax>
		</bndbox>
	</object>
	<object>
		<name>text</name>
		<pose>Unspecified</pose>
		<truncated>0</truncated>
		<difficult>0</difficult>
		<bndbox>
			<xmin>464</xmin>
			<ymin>492</ymin>
			<xmax>500</xmax>
			<ymax>512</ymax>
		</bndbox>
		<text>220pF</text>
	</object>
	<object>
		<name>text</name>
		<pose>Unspecified</pose>
		<truncated>0</truncated>
		<difficult>0</difficult>
		<bndbox>
			<xmin>621</xmin>
			<ymin>396</ymin>
			<xmax>657</xmax>
			<ymax>417</ymax>
		</bndbox>
		<text>COMP</text>
	</object>
	<object>
		<name>junction</name>
		<pose>Unspecified</pose>
		<truncated>0</truncated>
		<difficult>0</difficult>
		<bndbox>
			<xmin>913</xmin>
			<ymin>425</ymin>
			<xmax>927</xmax>
			<ymax>441</ymax>
		</bndbox>
	</object>
	<object>
		<name>junction</name>
		<pose>Unspecified</pose>
		<truncated>0</truncated>
		<difficult>0</difficult>
		<bndbox>
			<xmin>930</xmin>
			<ymin>155</ymin>
			<xmax>942</xmax>
			<ymax>169</ymax>
		</bndbox>
	</object>
	<object>
		<name>junction</name>
		<pose>Unspecified</pose>
		<truncated>0</truncated>
		<difficult>0</difficult>
		<bndbox>
			<xmin>395</xmin>
			<ymin>695</ymin>
			<xmax>407</xmax>
			<ymax>707</ymax>
		</bndbox>
	</object>
	<object>
		<name>text</name>
		<pose>Unspecified</pose>
		<truncated>0</truncated>
		<difficult>0</difficult>
		<bndbox>
			<xmin>869</xmin>
			<ymin>364</ymin>
			<xmax>951</xmax>
			<ymax>386</ymax>
		</bndbox>
		<text>Si9407AEY</text>
	</object>
	<object>
		<name>junction</name>
		<pose>Unspecified</pose>
		<truncated>0</truncated>
		<difficult>0</difficult>
		<bndbox>
			<xmin>842</xmin>
			<ymin>42</ymin>
			<xmax>854</xmax>
			<ymax>54</ymax>
		</bndbox>
	</object>
	<object>
		<name>junction</name>
		<pose>Unspecified</pose>
		<truncated>0</truncated>
		<difficult>0</difficult>
		<bndbox>
			<xmin>215</xmin>
			<ymin>167</ymin>
			<xmax>229</xmax>
			<ymax>181</ymax>
		</bndbox>
	</object>
	<object>
		<name>junction</name>
		<pose>Unspecified</pose>
		<truncated>0</truncated>
		<difficult>0</difficult>
		<bndbox>
			<xmin>212</xmin>
			<ymin>49</ymin>
			<xmax>224</xmax>
			<ymax>61</ymax>
		</bndbox>
	</object>
	<object>
		<name>junction</name>
		<pose>Unspecified</pose>
		<truncated>0</truncated>
		<difficult>0</difficult>
		<bndbox>
			<xmin>608</xmin>
			<ymin>613</ymin>
			<xmax>620</xmax>
			<ymax>625</ymax>
		</bndbox>
	</object>
	<object>
		<name>resistor</name>
		<pose>Unspecified</pose>
		<truncated>0</truncated>
		<difficult>0</difficult>
		<bndbox>
			<xmin>873</xmin>
			<ymin>152</ymin>
			<xmax>909</xmax>
			<ymax>168</ymax>
			<rotation>2</rotation>
		</bndbox>
	</object>
	<object>
		<name>text</name>
		<pose>Unspecified</pose>
		<truncated>0</truncated>
		<difficult>0</difficult>
		<bndbox>
			<xmin>1019</xmin>
			<ymin>366</ymin>
			<xmax>1091</xmax>
			<ymax>394</ymax>
		</bndbox>
		<text>47&#181;H</text>
	</object>
	<object>
		<name>junction</name>
		<pose>Unspecified</pose>
		<truncated>0</truncated>
		<difficult>0</difficult>
		<bndbox>
			<xmin>1012</xmin>
			<ymin>615</ymin>
			<xmax>1022</xmax>
			<ymax>625</ymax>
		</bndbox>
	</object>
	<object>
		<name>junction</name>
		<pose>Unspecified</pose>
		<truncated>0</truncated>
		<difficult>0</difficult>
		<bndbox>
			<xmin>858</xmin>
			<ymin>393</ymin>
			<xmax>868</xmax>
			<ymax>403</ymax>
		</bndbox>
	</object>
	<object>
		<name>text</name>
		<pose>Unspecified</pose>
		<truncated>0</truncated>
		<difficult>0</difficult>
		<bndbox>
			<xmin>941</xmin>
			<ymin>65</ymin>
			<xmax>971</xmax>
			<ymax>85</ymax>
			<rotation>359</rotation>
		</bndbox>
		<text>R10</text>
	</object>
	<object>
		<name>transistor.fet</name>
		<pose>Unspecified</pose>
		<truncated>0</truncated>
		<difficult>0</difficult>
		<bndbox>
			<xmin>74</xmin>
			<ymin>299</ymin>
			<xmax>182</xmax>
			<ymax>407</ymax>
			<rotation>6</rotation>
		</bndbox>
	</object>
	<object>
		<name>text</name>
		<pose>Unspecified</pose>
		<truncated>0</truncated>
		<difficult>0</difficult>
		<bndbox>
			<xmin>333</xmin>
			<ymin>513</ymin>
			<xmax>359</xmax>
			<ymax>535</ymax>
		</bndbox>
		<text>Q2</text>
	</object>
	<object>
		<name>junction</name>
		<pose>Unspecified</pose>
		<truncated>0</truncated>
		<difficult>0</difficult>
		<bndbox>
			<xmin>199</xmin>
			<ymin>569</ymin>
			<xmax>209</xmax>
			<ymax>579</ymax>
		</bndbox>
	</object>
	<object>
		<name>junction</name>
		<pose>Unspecified</pose>
		<truncated>0</truncated>
		<difficult>0</difficult>
		<bndbox>
			<xmin>794</xmin>
			<ymin>309</ymin>
			<xmax>808</xmax>
			<ymax>323</ymax>
		</bndbox>
	</object>
	<object>
		<name>integrated_circuit</name>
		<pose>Unspecified</pose>
		<truncated>0</truncated>
		<difficult>0</difficult>
		<bndbox>
			<xmin>613</xmin>
			<ymin>293</ymin>
			<xmax>765</xmax>
			<ymax>467</ymax>
			<rotation>2</rotation>
		</bndbox>
	</object>
	<object>
		<name>resistor</name>
		<pose>Unspecified</pose>
		<truncated>0</truncated>
		<difficult>0</difficult>
		<bndbox>
			<xmin>671</xmin>
			<ymin>607</ymin>
			<xmax>703</xmax>
			<ymax>621</ymax>
			<rotation>8</rotation>
		</bndbox>
	</object>
	<object>
		<name>text</name>
		<pose>Unspecified</pose>
		<truncated>0</truncated>
		<difficult>0</difficult>
		<bndbox>
			<xmin>973</xmin>
			<ymin>681</ymin>
			<xmax>1006</xmax>
			<ymax>698</ymax>
		</bndbox>
		<text>0.75</text>
	</object>
	<object>
		<name>resistor</name>
		<pose>Unspecified</pose>
		<truncated>0</truncated>
		<difficult>0</difficult>
		<bndbox>
			<xmin>71</xmin>
			<ymin>422</ymin>
			<xmax>91</xmax>
			<ymax>476</ymax>
			<rotation>106</rotation>
		</bndbox>
	</object>
	<object>
		<name>text</name>
		<pose>Unspecified</pose>
		<truncated>0</truncated>
		<difficult>0</difficult>
		<bndbox>
			<xmin>551</xmin>
			<ymin>426</ymin>
			<xmax>570</xmax>
			<ymax>444</ymax>
		</bndbox>
		<text>C4</text>
	</object>
	<object>
		<name>junction</name>
		<pose>Unspecified</pose>
		<truncated>0</truncated>
		<difficult>0</difficult>
		<bndbox>
			<xmin>577</xmin>
			<ymin>405</ymin>
			<xmax>587</xmax>
			<ymax>417</ymax>
		</bndbox>
	</object>
	<object>
		<name>junction</name>
		<pose>Unspecified</pose>
		<truncated>0</truncated>
		<difficult>0</difficult>
		<bndbox>
			<xmin>1061</xmin>
			<ymin>419</ymin>
			<xmax>1071</xmax>
			<ymax>431</ymax>
		</bndbox>
	</object>
	<object>
		<name>junction</name>
		<pose>Unspecified</pose>
		<truncated>0</truncated>
		<difficult>0</difficult>
		<bndbox>
			<xmin>383</xmin>
			<ymin>371</ymin>
			<xmax>393</xmax>
			<ymax>381</ymax>
		</bndbox>
	</object>
	<object>
		<name>junction</name>
		<pose>Unspecified</pose>
		<truncated>0</truncated>
		<difficult>0</difficult>
		<bndbox>
			<xmin>786</xmin>
			<ymin>42</ymin>
			<xmax>798</xmax>
			<ymax>52</ymax>
		</bndbox>
	</object>
	<object>
		<name>junction</name>
		<pose>Unspecified</pose>
		<truncated>0</truncated>
		<difficult>0</difficult>
		<bndbox>
			<xmin>303</xmin>
			<ymin>581</ymin>
			<xmax>313</xmax>
			<ymax>591</ymax>
		</bndbox>
	</object>
	<object>
		<name>text</name>
		<pose>Unspecified</pose>
		<truncated>0</truncated>
		<difficult>0</difficult>
		<bndbox>
			<xmin>602</xmin>
			<ymin>393</ymin>
			<xmax>614</xmax>
			<ymax>407</ymax>
		</bndbox>
		<text>3</text>
	</object>
	<object>
		<name>text</name>
		<pose>Unspecified</pose>
		<truncated>0</truncated>
		<difficult>0</difficult>
		<bndbox>
			<xmin>551</xmin>
			<ymin>596</ymin>
			<xmax>581</xmax>
			<ymax>614</ymax>
			<rotation>2</rotation>
		</bndbox>
		<text>5.1K</text>
	</object>
	<object>
		<name>junction</name>
		<pose>Unspecified</pose>
		<truncated>0</truncated>
		<difficult>0</difficult>
		<bndbox>
			<xmin>99</xmin>
			<ymin>170</ymin>
			<xmax>109</xmax>
			<ymax>178</ymax>
		</bndbox>
	</object>
	<object>
		<name>junction</name>
		<pose>Unspecified</pose>
		<truncated>0</truncated>
		<difficult>0</difficult>
		<bndbox>
			<xmin>846</xmin>
			<ymin>356</ymin>
			<xmax>856</xmax>
			<ymax>366</ymax>
		</bndbox>
	</object>
	<object>
		<name>junction</name>
		<pose>Unspecified</pose>
		<truncated>0</truncated>
		<difficult>0</difficult>
		<bndbox>
			<xmin>257</xmin>
			<ymin>566</ymin>
			<xmax>269</xmax>
			<ymax>578</ymax>
		</bndbox>
	</object>
	<object>
		<name>text</name>
		<pose>Unspecified</pose>
		<truncated>0</truncated>
		<difficult>0</difficult>
		<bndbox>
			<xmin>1021</xmin>
			<ymin>351</ymin>
			<xmax>1043</xmax>
			<ymax>369</ymax>
		</bndbox>
		<text>L1</text>
	</object>
	<object>
		<name>junction</name>
		<pose>Unspecified</pose>
		<truncated>0</truncated>
		<difficult>0</difficult>
		<bndbox>
			<xmin>1020</xmin>
			<ymin>701</ymin>
			<xmax>1032</xmax>
			<ymax>713</ymax>
		</bndbox>
	</object>
	<object>
		<name>junction</name>
		<pose>Unspecified</pose>
		<truncated>0</truncated>
		<difficult>0</difficult>
		<bndbox>
			<xmin>1053</xmin>
			<ymin>703</ymin>
			<xmax>1063</xmax>
			<ymax>713</ymax>
		</bndbox>
	</object>
	<object>
		<name>transistor.fet</name>
		<pose>Unspecified</pose>
		<truncated>0</truncated>
		<difficult>0</difficult>
		<bndbox>
			<xmin>885</xmin>
			<ymin>246</ymin>
			<xmax>979</xmax>
			<ymax>346</ymax>
		</bndbox>
	</object>
	<object>
		<name>capacitor.unpolarized</name>
		<pose>Unspecified</pose>
		<truncated>0</truncated>
		<difficult>0</difficult>
		<bndbox>
			<xmin>837</xmin>
			<ymin>84</ymin>
			<xmax>865</xmax>
			<ymax>106</ymax>
			<rotation>90</rotation>
		</bndbox>
	</object>
	<object>
		<name>text</name>
		<pose>Unspecified</pose>
		<truncated>0</truncated>
		<difficult>0</difficult>
		<bndbox>
			<xmin>605</xmin>
			<ymin>420</ymin>
			<xmax>617</xmax>
			<ymax>432</ymax>
		</bndbox>
		<text>4</text>
	</object>
	<object>
		<name>capacitor.unpolarized</name>
		<pose>Unspecified</pose>
		<truncated>0</truncated>
		<difficult>0</difficult>
		<bndbox>
			<xmin>1030</xmin>
			<ymin>531</ymin>
			<xmax>1056</xmax>
			<ymax>547</ymax>
			<rotation>90</rotation>
		</bndbox>
	</object>
	<object>
		<name>crossover</name>
		<pose>Unspecified</pose>
		<truncated>0</truncated>
		<difficult>0</difficult>
		<bndbox>
			<xmin>896</xmin>
			<ymin>609</ymin>
			<xmax>906</xmax>
			<ymax>619</ymax>
		</bndbox>
	</object>
	<object>
		<name>diode.zener</name>
		<pose>Unspecified</pose>
		<truncated>0</truncated>
		<difficult>0</difficult>
		<bndbox>
			<xmin>186</xmin>
			<ymin>609</ymin>
			<xmax>221</xmax>
			<ymax>635</ymax>
			<rotation>90</rotation>
		</bndbox>
	</object>
	<object>
		<name>capacitor.unpolarized</name>
		<pose>Unspecified</pose>
		<truncated>0</truncated>
		<difficult>0</difficult>
		<bndbox>
			<xmin>789</xmin>
			<ymin>519</ymin>
			<xmax>814</xmax>
			<ymax>537</ymax>
			<rotation>90</rotation>
		</bndbox>
	</object>
	<object>
		<name>diode.zener</name>
		<pose>Unspecified</pose>
		<truncated>0</truncated>
		<difficult>0</difficult>
		<bndbox>
			<xmin>893</xmin>
			<ymin>527</ymin>
			<xmax>926</xmax>
			<ymax>556</ymax>
			<rotation>90</rotation>
		</bndbox>
	</object>
	<object>
		<name>crossover</name>
		<pose>Unspecified</pose>
		<truncated>0</truncated>
		<difficult>0</difficult>
		<bndbox>
			<xmin>986</xmin>
			<ymin>427</ymin>
			<xmax>998</xmax>
			<ymax>438</ymax>
		</bndbox>
	</object>
	<object>
		<name>diode.light_emitting</name>
		<pose>Unspecified</pose>
		<truncated>0</truncated>
		<difficult>0</difficult>
		<bndbox>
			<xmin>1067</xmin>
			<ymin>463</ymin>
			<xmax>1121</xmax>
			<ymax>492</ymax>
			<rotation>270</rotation>
		</bndbox>
	</object>
	<object>
		<name>text</name>
		<pose>Unspecified</pose>
		<truncated>0</truncated>
		<difficult>0</difficult>
		<bndbox>
			<xmin>1087</xmin>
			<ymin>702</ymin>
			<xmax>1111</xmax>
			<ymax>725</ymax>
		</bndbox>
		<text>D3</text>
	</object>
	<object>
		<name>resistor</name>
		<pose>Unspecified</pose>
		<truncated>0</truncated>
		<difficult>0</difficult>
		<bndbox>
			<xmin>979</xmin>
			<ymin>699</ymin>
			<xmax>1000</xmax>
			<ymax>713</ymax>
		</bndbox>
	</object>
	<object>
		<name>junction</name>
		<pose>Unspecified</pose>
		<truncated>0</truncated>
		<difficult>0</difficult>
		<bndbox>
			<xmin>964</xmin>
			<ymin>703</ymin>
			<xmax>975</xmax>
			<ymax>713</ymax>
		</bndbox>
	</object>
	<object>
		<name>junction</name>
		<pose>Unspecified</pose>
		<truncated>0</truncated>
		<difficult>0</difficult>
		<bndbox>
			<xmin>1009</xmin>
			<ymin>703</ymin>
			<xmax>1018</xmax>
			<ymax>714</ymax>
		</bndbox>
	</object>
	<object>
		<name>crossover</name>
		<pose>Unspecified</pose>
		<truncated>0</truncated>
		<difficult>0</difficult>
		<bndbox>
			<xmin>966</xmin>
			<ymin>614</ymin>
			<xmax>978</xmax>
			<ymax>624</ymax>
		</bndbox>
	</object>
	<object>
		<name>crossover</name>
		<pose>Unspecified</pose>
		<truncated>0</truncated>
		<difficult>0</difficult>
		<bndbox>
			<xmin>795</xmin>
			<ymin>355</ymin>
			<xmax>807</xmax>
			<ymax>368</ymax>
		</bndbox>
	</object>
	<object>
		<name>crossover</name>
		<pose>Unspecified</pose>
		<truncated>0</truncated>
		<difficult>0</difficult>
		<bndbox>
			<xmin>795</xmin>
			<ymin>392</ymin>
			<xmax>807</xmax>
			<ymax>405</ymax>
		</bndbox>
	</object>
	<object>
		<name>crossover</name>
		<pose>Unspecified</pose>
		<truncated>0</truncated>
		<difficult>0</difficult>
		<bndbox>
			<xmin>499</xmin>
			<ymin>370</ymin>
			<xmax>512</xmax>
			<ymax>384</ymax>
		</bndbox>
	</object>
	<object>
		<name>crossover</name>
		<pose>Unspecified</pose>
		<truncated>0</truncated>
		<difficult>0</difficult>
		<bndbox>
			<xmin>795</xmin>
			<ymin>608</ymin>
			<xmax>808</xmax>
			<ymax>620</ymax>
		</bndbox>
	</object>
	<object>
		<name>junction</name>
		<pose>Unspecified</pose>
		<truncated>0</truncated>
		<difficult>0</difficult>
		<bndbox>
			<xmin>539</xmin>
			<ymin>412</ymin>
			<xmax>547</xmax>
			<ymax>420</ymax>
		</bndbox>
	</object>
	<object>
		<name>capacitor.unpolarized</name>
		<pose>Unspecified</pose>
		<truncated>0</truncated>
		<difficult>0</difficult>
		<bndbox>
			<xmin>571</xmin>
			<ymin>464</ymin>
			<xmax>592</xmax>
			<ymax>478</ymax>
			<rotation>89</rotation>
		</bndbox>
	</object>
	<object>
		<name>capacitor.unpolarized</name>
		<pose>Unspecified</pose>
		<truncated>0</truncated>
		<difficult>0</difficult>
		<bndbox>
			<xmin>499</xmin>
			<ymin>481</ymin>
			<xmax>533</xmax>
			<ymax>501</ymax>
			<rotation>110</rotation>
		</bndbox>
	</object>
	<object>
		<name>text</name>
		<pose>Unspecified</pose>
		<truncated>0</truncated>
		<difficult>0</difficult>
		<bndbox>
			<xmin>474</xmin>
			<ymin>464</ymin>
			<xmax>497</xmax>
			<ymax>486</ymax>
		</bndbox>
		<text>C3</text>
	</object>
	<object>
		<name>text</name>
		<pose>Unspecified</pose>
		<truncated>0</truncated>
		<difficult>0</difficult>
		<bndbox>
			<xmin>552</xmin>
			<ymin>512</ymin>
			<xmax>569</xmax>
			<ymax>529</ymax>
		</bndbox>
		<text>C7</text>
	</object>
	<object>
		<name>text</name>
		<pose>Unspecified</pose>
		<truncated>0</truncated>
		<difficult>0</difficult>
		<bndbox>
			<xmin>554</xmin>
			<ymin>572</ymin>
			<xmax>573</xmax>
			<ymax>591</ymax>
		</bndbox>
		<text>R5</text>
	</object>
	<object>
		<name>junction</name>
		<pose>Unspecified</pose>
		<truncated>0</truncated>
		<difficult>0</difficult>
		<bndbox>
			<xmin>584</xmin>
			<ymin>613</ymin>
			<xmax>594</xmax>
			<ymax>623</ymax>
		</bndbox>
	</object>
	<object>
		<name>junction</name>
		<pose>Unspecified</pose>
		<truncated>0</truncated>
		<difficult>0</difficult>
		<bndbox>
			<xmin>546</xmin>
			<ymin>615</ymin>
			<xmax>555</xmax>
			<ymax>623</ymax>
		</bndbox>
	</object>
	<object>
		<name>resistor</name>
		<pose>Unspecified</pose>
		<truncated>0</truncated>
		<difficult>0</difficult>
		<bndbox>
			<xmin>582</xmin>
			<ymin>565</ymin>
			<xmax>594</xmax>
			<ymax>600</ymax>
			<rotation>100</rotation>
		</bndbox>
	</object>
	<object>
		<name>junction</name>
		<pose>Unspecified</pose>
		<truncated>0</truncated>
		<difficult>0</difficult>
		<bndbox>
			<xmin>605</xmin>
			<ymin>435</ymin>
			<xmax>612</xmax>
			<ymax>443</ymax>
		</bndbox>
	</object>
	<object>
		<name>text</name>
		<pose>Unspecified</pose>
		<truncated>0</truncated>
		<difficult>0</difficult>
		<bndbox>
			<xmin>599</xmin>
			<ymin>358</ymin>
			<xmax>611</xmax>
			<ymax>375</ymax>
		</bndbox>
		<text>2</text>
	</object>
	<object>
		<name>text</name>
		<pose>Unspecified</pose>
		<truncated>0</truncated>
		<difficult>0</difficult>
		<bndbox>
			<xmin>599</xmin>
			<ymin>312</ymin>
			<xmax>608</xmax>
			<ymax>332</ymax>
		</bndbox>
		<text>1</text>
	</object>
	<object>
		<name>junction</name>
		<pose>Unspecified</pose>
		<truncated>0</truncated>
		<difficult>0</difficult>
		<bndbox>
			<xmin>863</xmin>
			<ymin>271</ymin>
			<xmax>872</xmax>
			<ymax>281</ymax>
		</bndbox>
	</object>
	<object>
		<name>text</name>
		<pose>Unspecified</pose>
		<truncated>0</truncated>
		<difficult>0</difficult>
		<bndbox>
			<xmin>876</xmin>
			<ymin>195</ymin>
			<xmax>899</xmax>
			<ymax>214</ymax>
		</bndbox>
		<text>1K</text>
	</object>
	<object>
		<name>capacitor.unpolarized</name>
		<pose>Unspecified</pose>
		<truncated>0</truncated>
		<difficult>0</difficult>
		<bndbox>
			<xmin>989</xmin>
			<ymin>138</ymin>
			<xmax>1014</xmax>
			<ymax>156</ymax>
			<rotation>90</rotation>
		</bndbox>
	</object>
	<object>
		<name>junction</name>
		<pose>Unspecified</pose>
		<truncated>0</truncated>
		<difficult>0</difficult>
		<bndbox>
			<xmin>994</xmin>
			<ymin>40</ymin>
			<xmax>1004</xmax>
			<ymax>50</ymax>
		</bndbox>
	</object>
	<object>
		<name>gnd</name>
		<pose>Unspecified</pose>
		<truncated>0</truncated>
		<difficult>0</difficult>
		<bndbox>
			<xmin>104</xmin>
			<ymin>101</ymin>
			<xmax>124</xmax>
			<ymax>126</ymax>
		</bndbox>
	</object>
	<object>
		<name>junction</name>
		<pose>Unspecified</pose>
		<truncated>0</truncated>
		<difficult>0</difficult>
		<bndbox>
			<xmin>111</xmin>
			<ymin>80</ymin>
			<xmax>119</xmax>
			<ymax>87</ymax>
		</bndbox>
	</object>
	<object>
		<name>text</name>
		<pose>Unspecified</pose>
		<truncated>0</truncated>
		<difficult>0</difficult>
		<bndbox>
			<xmin>104</xmin>
			<ymin>63</ymin>
			<xmax>116</xmax>
			<ymax>81</ymax>
		</bndbox>
		<text>2</text>
	</object>
	<object>
		<name>text</name>
		<pose>Unspecified</pose>
		<truncated>0</truncated>
		<difficult>0</difficult>
		<bndbox>
			<xmin>105</xmin>
			<ymin>34</ymin>
			<xmax>116</xmax>
			<ymax>50</ymax>
		</bndbox>
		<text>1</text>
	</object>
	<object>
		<name>text</name>
		<pose>Unspecified</pose>
		<truncated>0</truncated>
		<difficult>0</difficult>
		<bndbox>
			<xmin>117</xmin>
			<ymin>189</ymin>
			<xmax>140</xmax>
			<ymax>214</ymax>
		</bndbox>
		<text>R6</text>
	</object>
	<object>
		<name>text</name>
		<pose>Unspecified</pose>
		<truncated>0</truncated>
		<difficult>0</difficult>
		<bndbox>
			<xmin>224</xmin>
			<ymin>85</ymin>
			<xmax>252</xmax>
			<ymax>112</ymax>
		</bndbox>
		<text>R4</text>
	</object>
	<object>
		<name>resistor</name>
		<pose>Unspecified</pose>
		<truncated>0</truncated>
		<difficult>0</difficult>
		<bndbox>
			<xmin>209</xmin>
			<ymin>79</ymin>
			<xmax>225</xmax>
			<ymax>131</ymax>
			<rotation>90</rotation>
		</bndbox>
	</object>
	<object>
		<name>terminal</name>
		<pose>Unspecified</pose>
		<truncated>0</truncated>
		<difficult>0</difficult>
		<bndbox>
			<xmin>37</xmin>
			<ymin>387</ymin>
			<xmax>53</xmax>
			<ymax>403</ymax>
		</bndbox>
	</object>
	<object>
		<name>junction</name>
		<pose>Unspecified</pose>
		<truncated>0</truncated>
		<difficult>0</difficult>
		<bndbox>
			<xmin>68</xmin>
			<ymin>386</ymin>
			<xmax>77</xmax>
			<ymax>396</ymax>
		</bndbox>
	</object>
	<object>
		<name>text</name>
		<pose>Unspecified</pose>
		<truncated>0</truncated>
		<difficult>0</difficult>
		<bndbox>
			<xmin>88</xmin>
			<ymin>432</ymin>
			<xmax>113</xmax>
			<ymax>460</ymax>
		</bndbox>
		<text>R9</text>
	</object>
	<object>
		<name>text</name>
		<pose>Unspecified</pose>
		<truncated>0</truncated>
		<difficult>0</difficult>
		<bndbox>
			<xmin>977</xmin>
			<ymin>665</ymin>
			<xmax>993</xmax>
			<ymax>685</ymax>
		</bndbox>
		<text>R1</text>
	</object>
	<object>
		<name>diode.light_emitting</name>
		<pose>Unspecified</pose>
		<truncated>0</truncated>
		<difficult>0</difficult>
		<bndbox>
			<xmin>1046</xmin>
			<ymin>667</ymin>
			<xmax>1104</xmax>
			<ymax>706</ymax>
			<rotation>266</rotation>
		</bndbox>
	</object>
	<object>
		<name>diode.light_emitting</name>
		<pose>Unspecified</pose>
		<truncated>0</truncated>
		<difficult>0</difficult>
		<bndbox>
			<xmin>1054</xmin>
			<ymin>545</ymin>
			<xmax>1106</xmax>
			<ymax>569</ymax>
			<rotation>271</rotation>
		</bndbox>
	</object>
	<object>
		<name>gnd</name>
		<pose>Unspecified</pose>
		<truncated>0</truncated>
		<difficult>0</difficult>
		<bndbox>
			<xmin>1109</xmin>
			<ymin>442</ymin>
			<xmax>1132</xmax>
			<ymax>461</ymax>
		</bndbox>
	</object>
	<object>
		<name>inductor</name>
		<pose>Unspecified</pose>
		<truncated>0</truncated>
		<difficult>0</difficult>
		<bndbox>
			<xmin>1007</xmin>
			<ymin>397</ymin>
			<xmax>1063</xmax>
			<ymax>435</ymax>
		</bndbox>
	</object>
	<object>
		<name>text</name>
		<pose>Unspecified</pose>
		<truncated>0</truncated>
		<difficult>0</difficult>
		<bndbox>
			<xmin>883</xmin>
			<ymin>339</ymin>
			<xmax>902</xmax>
			<ymax>366</ymax>
		</bndbox>
		<text>Q1</text>
	</object>
	<object>
		<name>text</name>
		<pose>Unspecified</pose>
		<truncated>0</truncated>
		<difficult>0</difficult>
		<bndbox>
			<xmin>758</xmin>
			<ymin>342</ymin>
			<xmax>771</xmax>
			<ymax>362</ymax>
		</bndbox>
		<text>7</text>
	</object>
	<object>
		<name>text</name>
		<pose>Unspecified</pose>
		<truncated>0</truncated>
		<difficult>0</difficult>
		<bndbox>
			<xmin>549</xmin>
			<ymin>444</ymin>
			<xmax>574</xmax>
			<ymax>471</ymax>
		</bndbox>
		<text>0.01&#181;F</text>
	</object>
	<object>
		<name>text</name>
		<pose>Unspecified</pose>
		<truncated>0</truncated>
		<difficult>0</difficult>
		<bndbox>
			<xmin>552</xmin>
			<ymin>535</ymin>
			<xmax>591</xmax>
			<ymax>561</ymax>
		</bndbox>
		<text>470PF</text>
	</object>
	<object>
		<name>capacitor.unpolarized</name>
		<pose>Unspecified</pose>
		<truncated>0</truncated>
		<difficult>0</difficult>
		<bndbox>
			<xmin>540</xmin>
			<ymin>532</ymin>
			<xmax>560</xmax>
			<ymax>545</ymax>
			<rotation>90</rotation>
		</bndbox>
	</object>
	<object>
		<name>text</name>
		<pose>Unspecified</pose>
		<truncated>0</truncated>
		<difficult>0</difficult>
		<bndbox>
			<xmin>672</xmin>
			<ymin>574</ymin>
			<xmax>697</xmax>
			<ymax>599</ymax>
		</bndbox>
		<text>R5</text>
	</object>
	<object>
		<name>text</name>
		<pose>Unspecified</pose>
		<truncated>0</truncated>
		<difficult>0</difficult>
		<bndbox>
			<xmin>674</xmin>
			<ymin>595</ymin>
			<xmax>708</xmax>
			<ymax>609</ymax>
		</bndbox>
		<text>20K</text>
	</object>
	<object>
		<name>capacitor.unpolarized</name>
		<pose>Unspecified</pose>
		<truncated>0</truncated>
		<difficult>0</difficult>
		<bndbox>
			<xmin>455</xmin>
			<ymin>644</ymin>
			<xmax>482</xmax>
			<ymax>661</ymax>
			<rotation>90</rotation>
		</bndbox>
	</object>
	<object>
		<name>text</name>
		<pose>Unspecified</pose>
		<truncated>0</truncated>
		<difficult>0</difficult>
		<bndbox>
			<xmin>273</xmin>
			<ymin>604</ymin>
			<xmax>293</xmax>
			<ymax>628</ymax>
		</bndbox>
		<text>R3</text>
	</object>
	<object>
		<name>junction</name>
		<pose>Unspecified</pose>
		<truncated>0</truncated>
		<difficult>0</difficult>
		<bndbox>
			<xmin>316</xmin>
			<ymin>634</ymin>
			<xmax>323</xmax>
			<ymax>643</ymax>
		</bndbox>
	</object>
	<object>
		<name>junction</name>
		<pose>Unspecified</pose>
		<truncated>0</truncated>
		<difficult>0</difficult>
		<bndbox>
			<xmin>260</xmin>
			<ymin>583</ymin>
			<xmax>269</xmax>
			<ymax>592</ymax>
		</bndbox>
	</object>
	<object>
		<name>resistor</name>
		<pose>Unspecified</pose>
		<truncated>0</truncated>
		<difficult>0</difficult>
		<bndbox>
			<xmin>260</xmin>
			<ymin>598</ymin>
			<xmax>273</xmax>
			<ymax>650</ymax>
			<rotation>90</rotation>
		</bndbox>
	</object>
	<object>
		<name>junction</name>
		<pose>Unspecified</pose>
		<truncated>0</truncated>
		<difficult>0</difficult>
		<bndbox>
			<xmin>204</xmin>
			<ymin>695</ymin>
			<xmax>213</xmax>
			<ymax>705</ymax>
		</bndbox>
	</object>
	<object>
		<name>terminal</name>
		<pose>Unspecified</pose>
		<truncated>0</truncated>
		<difficult>0</difficult>
		<bndbox>
			<xmin>53</xmin>
			<ymin>30</ymin>
			<xmax>104</xmax>
			<ymax>110</ymax>
		</bndbox>
	</object>
	<object>
		<name>transistor.fet</name>
		<pose>Unspecified</pose>
		<truncated>0</truncated>
		<difficult>0</difficult>
		<bndbox>
			<xmin>344</xmin>
			<ymin>561</ymin>
			<xmax>446</xmax>
			<ymax>661</ymax>
		</bndbox>
	</object>
	<object>
		<name>text</name>
		<pose>Unspecified</pose>
		<truncated>0</truncated>
		<difficult>0</difficult>
		<bndbox>
			<xmin>626</xmin>
			<ymin>427</ymin>
			<xmax>650</xmax>
			<ymax>446</ymax>
		</bndbox>
		<text>FB</text>
	</object>
	<object>
		<name>text</name>
		<pose>Unspecified</pose>
		<truncated>0</truncated>
		<difficult>0</difficult>
		<bndbox>
			<xmin>621</xmin>
			<ymin>364</ymin>
			<xmax>646</xmax>
			<ymax>386</ymax>
		</bndbox>
		<text>SS</text>
	</object>
	<object>
		<name>text</name>
		<pose>Unspecified</pose>
		<truncated>0</truncated>
		<difficult>0</difficult>
		<bndbox>
			<xmin>621</xmin>
			<ymin>322</ymin>
			<xmax>643</xmax>
			<ymax>342</ymax>
		</bndbox>
		<text>RC</text>
	</object>
	<object>
		<name>text</name>
		<pose>Unspecified</pose>
		<truncated>0</truncated>
		<difficult>0</difficult>
		<bndbox>
			<xmin>58</xmin>
			<ymin>74</ymin>
			<xmax>93</xmax>
			<ymax>96</ymax>
		</bndbox>
		<text>GND</text>
	</object>
</annotation>
