<annotation>
	<folder>images</folder>
	<filename>C293_D2_P2.jpeg</filename>
	<path>./drafter_25/images/C293_D2_P2.jpeg</path>
	<source>
		<database>CGHD</database>
	</source>
	<size>
		<width>1000</width>
		<height>1000</height>
		<depth>3</depth>
	</size>
	<segmented>0</segmented>
	<object>
		<name>fuse</name>
		<pose>Unspecified</pose>
		<truncated>0</truncated>
		<difficult>0</difficult>
		<bndbox>
			<xmin>1162</xmin>
			<ymin>108</ymin>
			<xmax>1202</xmax>
			<ymax>182</ymax>
			<rotation>90</rotation>
		</bndbox>
	</object>
	<object>
		<name>text</name>
		<pose>Unspecified</pose>
		<truncated>0</truncated>
		<difficult>0</difficult>
		<bndbox>
			<xmin>1133</xmin>
			<ymin>247</ymin>
			<xmax>1167</xmax>
			<ymax>281</ymax>
		</bndbox>
		<text>b1</text>
	</object>
	<object>
		<name>text</name>
		<pose>Unspecified</pose>
		<truncated>0</truncated>
		<difficult>0</difficult>
		<bndbox>
			<xmin>739</xmin>
			<ymin>587</ymin>
			<xmax>793</xmax>
			<ymax>615</ymax>
		</bndbox>
		<text>m1</text>
	</object>
	<object>
		<name>text</name>
		<pose>Unspecified</pose>
		<truncated>0</truncated>
		<difficult>0</difficult>
		<bndbox>
			<xmin>1116</xmin>
			<ymin>120</ymin>
			<xmax>1158</xmax>
			<ymax>152</ymax>
		</bndbox>
		<text>e2</text>
	</object>
	<object>
		<name>fuse</name>
		<pose>Unspecified</pose>
		<truncated>0</truncated>
		<difficult>0</difficult>
		<bndbox>
			<xmin>381</xmin>
			<ymin>105</ymin>
			<xmax>421</xmax>
			<ymax>187</ymax>
			<rotation>90</rotation>
		</bndbox>
	</object>
	<object>
		<name>text</name>
		<pose>Unspecified</pose>
		<truncated>0</truncated>
		<difficult>0</difficult>
		<bndbox>
			<xmin>1133</xmin>
			<ymin>591</ymin>
			<xmax>1169</xmax>
			<ymax>623</ymax>
		</bndbox>
		<text>C1</text>
	</object>
	<object>
		<name>fuse</name>
		<pose>Unspecified</pose>
		<truncated>0</truncated>
		<difficult>0</difficult>
		<bndbox>
			<xmin>203</xmin>
			<ymin>105</ymin>
			<xmax>251</xmax>
			<ymax>193</ymax>
			<rotation>90</rotation>
		</bndbox>
	</object>
	<object>
		<name>text</name>
		<pose>Unspecified</pose>
		<truncated>0</truncated>
		<difficult>0</difficult>
		<bndbox>
			<xmin>991</xmin>
			<ymin>387</ymin>
			<xmax>1033</xmax>
			<ymax>433</ymax>
		</bndbox>
		<text>C1</text>
	</object>
	<object>
		<name>text</name>
		<pose>Unspecified</pose>
		<truncated>0</truncated>
		<difficult>0</difficult>
		<bndbox>
			<xmin>1221</xmin>
			<ymin>442</ymin>
			<xmax>1269</xmax>
			<ymax>476</ymax>
		</bndbox>
		<text>b2</text>
	</object>
	<object>
		<name>voltage.dc</name>
		<pose>Unspecified</pose>
		<truncated>0</truncated>
		<difficult>0</difficult>
		<bndbox>
			<xmin>795</xmin>
			<ymin>585</ymin>
			<xmax>871</xmax>
			<ymax>669</ymax>
		</bndbox>
	</object>
	<object>
		<name>junction</name>
		<pose>Unspecified</pose>
		<truncated>0</truncated>
		<difficult>0</difficult>
		<bndbox>
			<xmin>1167</xmin>
			<ymin>72</ymin>
			<xmax>1185</xmax>
			<ymax>88</ymax>
		</bndbox>
	</object>
	<object>
		<name>junction</name>
		<pose>Unspecified</pose>
		<truncated>0</truncated>
		<difficult>0</difficult>
		<bndbox>
			<xmin>1205</xmin>
			<ymin>767</ymin>
			<xmax>1225</xmax>
			<ymax>787</ymax>
		</bndbox>
	</object>
	<object>
		<name>text</name>
		<pose>Unspecified</pose>
		<truncated>0</truncated>
		<difficult>0</difficult>
		<bndbox>
			<xmin>761</xmin>
			<ymin>376</ymin>
			<xmax>801</xmax>
			<ymax>414</ymax>
		</bndbox>
		<text>C1</text>
	</object>
	<object>
		<name>junction</name>
		<pose>Unspecified</pose>
		<truncated>0</truncated>
		<difficult>0</difficult>
		<bndbox>
			<xmin>389</xmin>
			<ymin>62</ymin>
			<xmax>409</xmax>
			<ymax>82</ymax>
		</bndbox>
	</object>
	<object>
		<name>junction</name>
		<pose>Unspecified</pose>
		<truncated>0</truncated>
		<difficult>0</difficult>
		<bndbox>
			<xmin>219</xmin>
			<ymin>59</ymin>
			<xmax>239</xmax>
			<ymax>79</ymax>
		</bndbox>
	</object>
	<object>
		<name>fuse</name>
		<pose>Unspecified</pose>
		<truncated>0</truncated>
		<difficult>0</difficult>
		<bndbox>
			<xmin>781</xmin>
			<ymin>106</ymin>
			<xmax>837</xmax>
			<ymax>184</ymax>
			<rotation>90</rotation>
		</bndbox>
	</object>
	<object>
		<name>junction</name>
		<pose>Unspecified</pose>
		<truncated>0</truncated>
		<difficult>0</difficult>
		<bndbox>
			<xmin>1079</xmin>
			<ymin>475</ymin>
			<xmax>1095</xmax>
			<ymax>489</ymax>
		</bndbox>
	</object>
	<object>
		<name>switch</name>
		<pose>Unspecified</pose>
		<truncated>0</truncated>
		<difficult>0</difficult>
		<bndbox>
			<xmin>280</xmin>
			<ymin>465</ymin>
			<xmax>334</xmax>
			<ymax>543</ymax>
		</bndbox>
	</object>
	<object>
		<name>junction</name>
		<pose>Unspecified</pose>
		<truncated>0</truncated>
		<difficult>0</difficult>
		<bndbox>
			<xmin>797</xmin>
			<ymin>71</ymin>
			<xmax>817</xmax>
			<ymax>89</ymax>
		</bndbox>
	</object>
	<object>
		<name>text</name>
		<pose>Unspecified</pose>
		<truncated>0</truncated>
		<difficult>0</difficult>
		<bndbox>
			<xmin>744</xmin>
			<ymin>131</ymin>
			<xmax>774</xmax>
			<ymax>159</ymax>
		</bndbox>
		<text>e1</text>
	</object>
	<object>
		<name>switch</name>
		<pose>Unspecified</pose>
		<truncated>0</truncated>
		<difficult>0</difficult>
		<bndbox>
			<xmin>1042</xmin>
			<ymin>397</ymin>
			<xmax>1098</xmax>
			<ymax>463</ymax>
		</bndbox>
	</object>
	<object>
		<name>junction</name>
		<pose>Unspecified</pose>
		<truncated>0</truncated>
		<difficult>0</difficult>
		<bndbox>
			<xmin>406</xmin>
			<ymin>598</ymin>
			<xmax>420</xmax>
			<ymax>614</ymax>
		</bndbox>
	</object>
	<object>
		<name>switch</name>
		<pose>Unspecified</pose>
		<truncated>0</truncated>
		<difficult>0</difficult>
		<bndbox>
			<xmin>779</xmin>
			<ymin>401</ymin>
			<xmax>833</xmax>
			<ymax>465</ymax>
		</bndbox>
	</object>
	<object>
		<name>terminal</name>
		<pose>Unspecified</pose>
		<truncated>0</truncated>
		<difficult>0</difficult>
		<bndbox>
			<xmin>1294</xmin>
			<ymin>70</ymin>
			<xmax>1308</xmax>
			<ymax>84</ymax>
		</bndbox>
	</object>
	<object>
		<name>junction</name>
		<pose>Unspecified</pose>
		<truncated>0</truncated>
		<difficult>0</difficult>
		<bndbox>
			<xmin>98</xmin>
			<ymin>592</ymin>
			<xmax>116</xmax>
			<ymax>612</ymax>
		</bndbox>
	</object>
	<object>
		<name>terminal</name>
		<pose>Unspecified</pose>
		<truncated>0</truncated>
		<difficult>0</difficult>
		<bndbox>
			<xmin>728</xmin>
			<ymin>76</ymin>
			<xmax>744</xmax>
			<ymax>88</ymax>
		</bndbox>
	</object>
	<object>
		<name>terminal</name>
		<pose>Unspecified</pose>
		<truncated>0</truncated>
		<difficult>0</difficult>
		<bndbox>
			<xmin>447</xmin>
			<ymin>63</ymin>
			<xmax>467</xmax>
			<ymax>79</ymax>
		</bndbox>
	</object>
	<object>
		<name>terminal</name>
		<pose>Unspecified</pose>
		<truncated>0</truncated>
		<difficult>0</difficult>
		<bndbox>
			<xmin>53</xmin>
			<ymin>54</ymin>
			<xmax>75</xmax>
			<ymax>74</ymax>
		</bndbox>
	</object>
	<object>
		<name>junction</name>
		<pose>Unspecified</pose>
		<truncated>0</truncated>
		<difficult>0</difficult>
		<bndbox>
			<xmin>1187</xmin>
			<ymin>472</ymin>
			<xmax>1205</xmax>
			<ymax>490</ymax>
		</bndbox>
	</object>
	<object>
		<name>junction</name>
		<pose>Unspecified</pose>
		<truncated>0</truncated>
		<difficult>0</difficult>
		<bndbox>
			<xmin>322</xmin>
			<ymin>567</ymin>
			<xmax>338</xmax>
			<ymax>583</ymax>
		</bndbox>
	</object>
	<object>
		<name>inductor</name>
		<pose>Unspecified</pose>
		<truncated>0</truncated>
		<difficult>0</difficult>
		<bndbox>
			<xmin>1165</xmin>
			<ymin>577</ymin>
			<xmax>1270</xmax>
			<ymax>644</ymax>
			<rotation>95</rotation>
		</bndbox>
	</object>
	<object>
		<name>junction</name>
		<pose>Unspecified</pose>
		<truncated>0</truncated>
		<difficult>0</difficult>
		<bndbox>
			<xmin>238</xmin>
			<ymin>752</ymin>
			<xmax>266</xmax>
			<ymax>780</ymax>
		</bndbox>
	</object>
	<object>
		<name>switch</name>
		<pose>Unspecified</pose>
		<truncated>0</truncated>
		<difficult>0</difficult>
		<bndbox>
			<xmin>184</xmin>
			<ymin>462</ymin>
			<xmax>250</xmax>
			<ymax>542</ymax>
		</bndbox>
	</object>
	<object>
		<name>switch</name>
		<pose>Unspecified</pose>
		<truncated>0</truncated>
		<difficult>0</difficult>
		<bndbox>
			<xmin>373</xmin>
			<ymin>461</ymin>
			<xmax>423</xmax>
			<ymax>545</ymax>
		</bndbox>
	</object>
	<object>
		<name>terminal</name>
		<pose>Unspecified</pose>
		<truncated>0</truncated>
		<difficult>0</difficult>
		<bndbox>
			<xmin>1349</xmin>
			<ymin>767</ymin>
			<xmax>1367</xmax>
			<ymax>783</ymax>
		</bndbox>
	</object>
	<object>
		<name>terminal</name>
		<pose>Unspecified</pose>
		<truncated>0</truncated>
		<difficult>0</difficult>
		<bndbox>
			<xmin>768</xmin>
			<ymin>774</ymin>
			<xmax>796</xmax>
			<ymax>798</ymax>
		</bndbox>
	</object>
	<object>
		<name>switch</name>
		<pose>Unspecified</pose>
		<truncated>0</truncated>
		<difficult>0</difficult>
		<bndbox>
			<xmin>1135</xmin>
			<ymin>396</ymin>
			<xmax>1203</xmax>
			<ymax>456</ymax>
		</bndbox>
	</object>
	<object>
		<name>junction</name>
		<pose>Unspecified</pose>
		<truncated>0</truncated>
		<difficult>0</difficult>
		<bndbox>
			<xmin>24</xmin>
			<ymin>401</ymin>
			<xmax>37</xmax>
			<ymax>416</ymax>
		</bndbox>
	</object>
	<object>
		<name>junction</name>
		<pose>Unspecified</pose>
		<truncated>0</truncated>
		<difficult>0</difficult>
		<bndbox>
			<xmin>97</xmin>
			<ymin>396</ymin>
			<xmax>112</xmax>
			<ymax>415</ymax>
		</bndbox>
	</object>
	<object>
		<name>junction</name>
		<pose>Unspecified</pose>
		<truncated>0</truncated>
		<difficult>0</difficult>
		<bndbox>
			<xmin>310</xmin>
			<ymin>437</ymin>
			<xmax>325</xmax>
			<ymax>452</ymax>
		</bndbox>
	</object>
	<object>
		<name>switch</name>
		<pose>Unspecified</pose>
		<truncated>0</truncated>
		<difficult>0</difficult>
		<bndbox>
			<xmin>330</xmin>
			<ymin>343</ymin>
			<xmax>420</xmax>
			<ymax>430</ymax>
		</bndbox>
	</object>
	<object>
		<name>inductor</name>
		<pose>Unspecified</pose>
		<truncated>0</truncated>
		<difficult>0</difficult>
		<bndbox>
			<xmin>4</xmin>
			<ymin>454</ymin>
			<xmax>90</xmax>
			<ymax>513</ymax>
			<rotation>95</rotation>
		</bndbox>
	</object>
	<object>
		<name>crossover</name>
		<pose>Unspecified</pose>
		<truncated>0</truncated>
		<difficult>0</difficult>
		<bndbox>
			<xmin>223</xmin>
			<ymin>591</ymin>
			<xmax>252</xmax>
			<ymax>621</ymax>
		</bndbox>
	</object>
	<object>
		<name>junction</name>
		<pose>Unspecified</pose>
		<truncated>0</truncated>
		<difficult>0</difficult>
		<bndbox>
			<xmin>831</xmin>
			<ymin>766</ymin>
			<xmax>851</xmax>
			<ymax>794</ymax>
		</bndbox>
	</object>
	<object>
		<name>motor</name>
		<pose>Unspecified</pose>
		<truncated>0</truncated>
		<difficult>0</difficult>
		<bndbox>
			<xmin>214</xmin>
			<ymin>649</ymin>
			<xmax>277</xmax>
			<ymax>722</ymax>
			<rotation>100</rotation>
		</bndbox>
	</object>
	<object>
		<name>switch</name>
		<pose>Unspecified</pose>
		<truncated>0</truncated>
		<difficult>0</difficult>
		<bndbox>
			<xmin>1125</xmin>
			<ymin>276</ymin>
			<xmax>1206</xmax>
			<ymax>351</ymax>
		</bndbox>
	</object>
	<object>
		<name>junction</name>
		<pose>Unspecified</pose>
		<truncated>0</truncated>
		<difficult>0</difficult>
		<bndbox>
			<xmin>1076</xmin>
			<ymin>362</ymin>
			<xmax>1089</xmax>
			<ymax>375</ymax>
		</bndbox>
	</object>
	<object>
		<name>junction</name>
		<pose>Unspecified</pose>
		<truncated>0</truncated>
		<difficult>0</difficult>
		<bndbox>
			<xmin>1182</xmin>
			<ymin>361</ymin>
			<xmax>1202</xmax>
			<ymax>380</ymax>
		</bndbox>
	</object>
	<object>
		<name>junction</name>
		<pose>Unspecified</pose>
		<truncated>0</truncated>
		<difficult>0</difficult>
		<bndbox>
			<xmin>401</xmin>
			<ymin>559</ymin>
			<xmax>424</xmax>
			<ymax>587</ymax>
		</bndbox>
	</object>
	<object>
		<name>junction</name>
		<pose>Unspecified</pose>
		<truncated>0</truncated>
		<difficult>0</difficult>
		<bndbox>
			<xmin>401</xmin>
			<ymin>438</ymin>
			<xmax>419</xmax>
			<ymax>457</ymax>
		</bndbox>
	</object>
	<object>
		<name>terminal</name>
		<pose>Unspecified</pose>
		<truncated>0</truncated>
		<difficult>0</difficult>
		<bndbox>
			<xmin>42</xmin>
			<ymin>751</ymin>
			<xmax>70</xmax>
			<ymax>781</ymax>
		</bndbox>
	</object>
	<object>
		<name>terminal</name>
		<pose>Unspecified</pose>
		<truncated>0</truncated>
		<difficult>0</difficult>
		<bndbox>
			<xmin>466</xmin>
			<ymin>762</ymin>
			<xmax>489</xmax>
			<ymax>785</ymax>
		</bndbox>
	</object>
</annotation>
