<annotation>
	<folder>images</folder>
	<filename>C293_D2_P4.jpeg</filename>
	<path>./drafter_25/images/C293_D2_P4.jpeg</path>
	<source>
		<database>CGHD</database>
	</source>
	<size>
		<width>1000</width>
		<height>1000</height>
		<depth>3</depth>
	</size>
	<segmented>0</segmented>
	<object>
		<name>fuse</name>
		<pose>Unspecified</pose>
		<truncated>0</truncated>
		<difficult>0</difficult>
		<bndbox>
			<xmin>1162</xmin>
			<ymin>99</ymin>
			<xmax>1202</xmax>
			<ymax>169</ymax>
			<rotation>105</rotation>
		</bndbox>
	</object>
	<object>
		<name>fuse</name>
		<pose>Unspecified</pose>
		<truncated>0</truncated>
		<difficult>0</difficult>
		<bndbox>
			<xmin>385</xmin>
			<ymin>91</ymin>
			<xmax>425</xmax>
			<ymax>169</ymax>
			<rotation>90</rotation>
		</bndbox>
	</object>
	<object>
		<name>text</name>
		<pose>Unspecified</pose>
		<truncated>0</truncated>
		<difficult>0</difficult>
		<bndbox>
			<xmin>1224</xmin>
			<ymin>428</ymin>
			<xmax>1270</xmax>
			<ymax>462</ymax>
		</bndbox>
		<text>b2</text>
	</object>
	<object>
		<name>text</name>
		<pose>Unspecified</pose>
		<truncated>0</truncated>
		<difficult>0</difficult>
		<bndbox>
			<xmin>1138</xmin>
			<ymin>234</ymin>
			<xmax>1172</xmax>
			<ymax>268</ymax>
		</bndbox>
		<text>b1</text>
	</object>
	<object>
		<name>text</name>
		<pose>Unspecified</pose>
		<truncated>0</truncated>
		<difficult>0</difficult>
		<bndbox>
			<xmin>750</xmin>
			<ymin>117</ymin>
			<xmax>780</xmax>
			<ymax>145</ymax>
		</bndbox>
		<text>e1</text>
	</object>
	<object>
		<name>text</name>
		<pose>Unspecified</pose>
		<truncated>0</truncated>
		<difficult>0</difficult>
		<bndbox>
			<xmin>1118</xmin>
			<ymin>111</ymin>
			<xmax>1158</xmax>
			<ymax>141</ymax>
		</bndbox>
		<text>e2</text>
	</object>
	<object>
		<name>text</name>
		<pose>Unspecified</pose>
		<truncated>0</truncated>
		<difficult>0</difficult>
		<bndbox>
			<xmin>1128</xmin>
			<ymin>573</ymin>
			<xmax>1162</xmax>
			<ymax>603</ymax>
		</bndbox>
		<text>C1</text>
	</object>
	<object>
		<name>text</name>
		<pose>Unspecified</pose>
		<truncated>0</truncated>
		<difficult>0</difficult>
		<bndbox>
			<xmin>768</xmin>
			<ymin>361</ymin>
			<xmax>808</xmax>
			<ymax>395</ymax>
		</bndbox>
		<text>C1</text>
	</object>
	<object>
		<name>junction</name>
		<pose>Unspecified</pose>
		<truncated>0</truncated>
		<difficult>0</difficult>
		<bndbox>
			<xmin>398</xmin>
			<ymin>51</ymin>
			<xmax>416</xmax>
			<ymax>67</ymax>
		</bndbox>
	</object>
	<object>
		<name>text</name>
		<pose>Unspecified</pose>
		<truncated>0</truncated>
		<difficult>0</difficult>
		<bndbox>
			<xmin>997</xmin>
			<ymin>377</ymin>
			<xmax>1035</xmax>
			<ymax>415</ymax>
		</bndbox>
		<text>C1</text>
	</object>
	<object>
		<name>junction</name>
		<pose>Unspecified</pose>
		<truncated>0</truncated>
		<difficult>0</difficult>
		<bndbox>
			<xmin>228</xmin>
			<ymin>47</ymin>
			<xmax>244</xmax>
			<ymax>63</ymax>
		</bndbox>
	</object>
	<object>
		<name>junction</name>
		<pose>Unspecified</pose>
		<truncated>0</truncated>
		<difficult>0</difficult>
		<bndbox>
			<xmin>1163</xmin>
			<ymin>66</ymin>
			<xmax>1179</xmax>
			<ymax>82</ymax>
		</bndbox>
	</object>
	<object>
		<name>junction</name>
		<pose>Unspecified</pose>
		<truncated>0</truncated>
		<difficult>0</difficult>
		<bndbox>
			<xmin>412</xmin>
			<ymin>578</ymin>
			<xmax>424</xmax>
			<ymax>590</ymax>
		</bndbox>
	</object>
	<object>
		<name>junction</name>
		<pose>Unspecified</pose>
		<truncated>0</truncated>
		<difficult>0</difficult>
		<bndbox>
			<xmin>1217</xmin>
			<ymin>747</ymin>
			<xmax>1239</xmax>
			<ymax>769</ymax>
		</bndbox>
	</object>
	<object>
		<name>junction</name>
		<pose>Unspecified</pose>
		<truncated>0</truncated>
		<difficult>0</difficult>
		<bndbox>
			<xmin>803</xmin>
			<ymin>62</ymin>
			<xmax>821</xmax>
			<ymax>78</ymax>
		</bndbox>
	</object>
	<object>
		<name>text</name>
		<pose>Unspecified</pose>
		<truncated>0</truncated>
		<difficult>0</difficult>
		<bndbox>
			<xmin>745</xmin>
			<ymin>568</ymin>
			<xmax>793</xmax>
			<ymax>592</ymax>
		</bndbox>
		<text>m1</text>
	</object>
	<object>
		<name>junction</name>
		<pose>Unspecified</pose>
		<truncated>0</truncated>
		<difficult>0</difficult>
		<bndbox>
			<xmin>230</xmin>
			<ymin>733</ymin>
			<xmax>254</xmax>
			<ymax>755</ymax>
		</bndbox>
	</object>
	<object>
		<name>junction</name>
		<pose>Unspecified</pose>
		<truncated>0</truncated>
		<difficult>0</difficult>
		<bndbox>
			<xmin>107</xmin>
			<ymin>571</ymin>
			<xmax>119</xmax>
			<ymax>583</ymax>
		</bndbox>
	</object>
	<object>
		<name>voltage.dc</name>
		<pose>Unspecified</pose>
		<truncated>0</truncated>
		<difficult>0</difficult>
		<bndbox>
			<xmin>800</xmin>
			<ymin>566</ymin>
			<xmax>875</xmax>
			<ymax>647</ymax>
		</bndbox>
	</object>
	<object>
		<name>switch</name>
		<pose>Unspecified</pose>
		<truncated>0</truncated>
		<difficult>0</difficult>
		<bndbox>
			<xmin>282</xmin>
			<ymin>445</ymin>
			<xmax>348</xmax>
			<ymax>521</ymax>
		</bndbox>
	</object>
	<object>
		<name>terminal</name>
		<pose>Unspecified</pose>
		<truncated>0</truncated>
		<difficult>0</difficult>
		<bndbox>
			<xmin>1285</xmin>
			<ymin>65</ymin>
			<xmax>1301</xmax>
			<ymax>79</ymax>
		</bndbox>
	</object>
	<object>
		<name>junction</name>
		<pose>Unspecified</pose>
		<truncated>0</truncated>
		<difficult>0</difficult>
		<bndbox>
			<xmin>1187</xmin>
			<ymin>456</ymin>
			<xmax>1207</xmax>
			<ymax>476</ymax>
		</bndbox>
	</object>
	<object>
		<name>crossover</name>
		<pose>Unspecified</pose>
		<truncated>0</truncated>
		<difficult>0</difficult>
		<bndbox>
			<xmin>235</xmin>
			<ymin>577</ymin>
			<xmax>247</xmax>
			<ymax>589</ymax>
		</bndbox>
	</object>
	<object>
		<name>fuse</name>
		<pose>Unspecified</pose>
		<truncated>0</truncated>
		<difficult>0</difficult>
		<bndbox>
			<xmin>206</xmin>
			<ymin>90</ymin>
			<xmax>256</xmax>
			<ymax>172</ymax>
			<rotation>90</rotation>
		</bndbox>
	</object>
	<object>
		<name>terminal</name>
		<pose>Unspecified</pose>
		<truncated>0</truncated>
		<difficult>0</difficult>
		<bndbox>
			<xmin>733</xmin>
			<ymin>66</ymin>
			<xmax>747</xmax>
			<ymax>78</ymax>
		</bndbox>
	</object>
	<object>
		<name>terminal</name>
		<pose>Unspecified</pose>
		<truncated>0</truncated>
		<difficult>0</difficult>
		<bndbox>
			<xmin>63</xmin>
			<ymin>43</ymin>
			<xmax>81</xmax>
			<ymax>57</ymax>
		</bndbox>
	</object>
	<object>
		<name>junction</name>
		<pose>Unspecified</pose>
		<truncated>0</truncated>
		<difficult>0</difficult>
		<bndbox>
			<xmin>330</xmin>
			<ymin>546</ymin>
			<xmax>342</xmax>
			<ymax>558</ymax>
		</bndbox>
	</object>
	<object>
		<name>terminal</name>
		<pose>Unspecified</pose>
		<truncated>0</truncated>
		<difficult>0</difficult>
		<bndbox>
			<xmin>469</xmin>
			<ymin>743</ymin>
			<xmax>485</xmax>
			<ymax>755</ymax>
		</bndbox>
	</object>
	<object>
		<name>terminal</name>
		<pose>Unspecified</pose>
		<truncated>0</truncated>
		<difficult>0</difficult>
		<bndbox>
			<xmin>457</xmin>
			<ymin>53</ymin>
			<xmax>469</xmax>
			<ymax>65</ymax>
		</bndbox>
	</object>
	<object>
		<name>motor</name>
		<pose>Unspecified</pose>
		<truncated>0</truncated>
		<difficult>0</difficult>
		<bndbox>
			<xmin>214</xmin>
			<ymin>630</ymin>
			<xmax>278</xmax>
			<ymax>698</ymax>
			<rotation>95</rotation>
		</bndbox>
	</object>
	<object>
		<name>terminal</name>
		<pose>Unspecified</pose>
		<truncated>0</truncated>
		<difficult>0</difficult>
		<bndbox>
			<xmin>16</xmin>
			<ymin>731</ymin>
			<xmax>48</xmax>
			<ymax>755</ymax>
		</bndbox>
	</object>
	<object>
		<name>terminal</name>
		<pose>Unspecified</pose>
		<truncated>0</truncated>
		<difficult>0</difficult>
		<bndbox>
			<xmin>1358</xmin>
			<ymin>753</ymin>
			<xmax>1374</xmax>
			<ymax>767</ymax>
		</bndbox>
	</object>
	<object>
		<name>junction</name>
		<pose>Unspecified</pose>
		<truncated>0</truncated>
		<difficult>0</difficult>
		<bndbox>
			<xmin>19</xmin>
			<ymin>381</ymin>
			<xmax>31</xmax>
			<ymax>393</ymax>
		</bndbox>
	</object>
	<object>
		<name>switch</name>
		<pose>Unspecified</pose>
		<truncated>0</truncated>
		<difficult>0</difficult>
		<bndbox>
			<xmin>372</xmin>
			<ymin>445</ymin>
			<xmax>426</xmax>
			<ymax>522</ymax>
		</bndbox>
	</object>
	<object>
		<name>switch</name>
		<pose>Unspecified</pose>
		<truncated>0</truncated>
		<difficult>0</difficult>
		<bndbox>
			<xmin>182</xmin>
			<ymin>445</ymin>
			<xmax>258</xmax>
			<ymax>515</ymax>
		</bndbox>
	</object>
	<object>
		<name>terminal</name>
		<pose>Unspecified</pose>
		<truncated>0</truncated>
		<difficult>0</difficult>
		<bndbox>
			<xmin>780</xmin>
			<ymin>751</ymin>
			<xmax>798</xmax>
			<ymax>767</ymax>
		</bndbox>
	</object>
	<object>
		<name>junction</name>
		<pose>Unspecified</pose>
		<truncated>0</truncated>
		<difficult>0</difficult>
		<bndbox>
			<xmin>1077</xmin>
			<ymin>347</ymin>
			<xmax>1091</xmax>
			<ymax>361</ymax>
		</bndbox>
	</object>
	<object>
		<name>junction</name>
		<pose>Unspecified</pose>
		<truncated>0</truncated>
		<difficult>0</difficult>
		<bndbox>
			<xmin>1184</xmin>
			<ymin>345</ymin>
			<xmax>1204</xmax>
			<ymax>365</ymax>
		</bndbox>
	</object>
	<object>
		<name>switch</name>
		<pose>Unspecified</pose>
		<truncated>0</truncated>
		<difficult>0</difficult>
		<bndbox>
			<xmin>1045</xmin>
			<ymin>375</ymin>
			<xmax>1099</xmax>
			<ymax>444</ymax>
		</bndbox>
	</object>
	<object>
		<name>fuse</name>
		<pose>Unspecified</pose>
		<truncated>0</truncated>
		<difficult>0</difficult>
		<bndbox>
			<xmin>784</xmin>
			<ymin>94</ymin>
			<xmax>843</xmax>
			<ymax>168</ymax>
			<rotation>94</rotation>
		</bndbox>
	</object>
	<object>
		<name>switch</name>
		<pose>Unspecified</pose>
		<truncated>0</truncated>
		<difficult>0</difficult>
		<bndbox>
			<xmin>333</xmin>
			<ymin>325</ymin>
			<xmax>423</xmax>
			<ymax>411</ymax>
		</bndbox>
	</object>
	<object>
		<name>switch</name>
		<pose>Unspecified</pose>
		<truncated>0</truncated>
		<difficult>0</difficult>
		<bndbox>
			<xmin>787</xmin>
			<ymin>388</ymin>
			<xmax>838</xmax>
			<ymax>444</ymax>
		</bndbox>
	</object>
	<object>
		<name>junction</name>
		<pose>Unspecified</pose>
		<truncated>0</truncated>
		<difficult>0</difficult>
		<bndbox>
			<xmin>96</xmin>
			<ymin>379</ymin>
			<xmax>111</xmax>
			<ymax>393</ymax>
		</bndbox>
	</object>
	<object>
		<name>inductor</name>
		<pose>Unspecified</pose>
		<truncated>0</truncated>
		<difficult>0</difficult>
		<bndbox>
			<xmin>2</xmin>
			<ymin>438</ymin>
			<xmax>91</xmax>
			<ymax>484</ymax>
			<rotation>95</rotation>
		</bndbox>
	</object>
	<object>
		<name>junction</name>
		<pose>Unspecified</pose>
		<truncated>0</truncated>
		<difficult>0</difficult>
		<bndbox>
			<xmin>312</xmin>
			<ymin>421</ymin>
			<xmax>323</xmax>
			<ymax>432</ymax>
		</bndbox>
	</object>
	<object>
		<name>junction</name>
		<pose>Unspecified</pose>
		<truncated>0</truncated>
		<difficult>0</difficult>
		<bndbox>
			<xmin>406</xmin>
			<ymin>421</ymin>
			<xmax>424</xmax>
			<ymax>439</ymax>
		</bndbox>
	</object>
	<object>
		<name>junction</name>
		<pose>Unspecified</pose>
		<truncated>0</truncated>
		<difficult>0</difficult>
		<bndbox>
			<xmin>406</xmin>
			<ymin>538</ymin>
			<xmax>429</xmax>
			<ymax>562</ymax>
		</bndbox>
	</object>
	<object>
		<name>junction</name>
		<pose>Unspecified</pose>
		<truncated>0</truncated>
		<difficult>0</difficult>
		<bndbox>
			<xmin>1079</xmin>
			<ymin>458</ymin>
			<xmax>1093</xmax>
			<ymax>474</ymax>
		</bndbox>
	</object>
	<object>
		<name>switch</name>
		<pose>Unspecified</pose>
		<truncated>0</truncated>
		<difficult>0</difficult>
		<bndbox>
			<xmin>1151</xmin>
			<ymin>377</ymin>
			<xmax>1209</xmax>
			<ymax>442</ymax>
		</bndbox>
	</object>
	<object>
		<name>switch</name>
		<pose>Unspecified</pose>
		<truncated>0</truncated>
		<difficult>0</difficult>
		<bndbox>
			<xmin>1129</xmin>
			<ymin>261</ymin>
			<xmax>1207</xmax>
			<ymax>336</ymax>
		</bndbox>
	</object>
	<object>
		<name>inductor</name>
		<pose>Unspecified</pose>
		<truncated>0</truncated>
		<difficult>0</difficult>
		<bndbox>
			<xmin>1159</xmin>
			<ymin>562</ymin>
			<xmax>1266</xmax>
			<ymax>625</ymax>
			<rotation>95</rotation>
		</bndbox>
	</object>
	<object>
		<name>junction</name>
		<pose>Unspecified</pose>
		<truncated>0</truncated>
		<difficult>0</difficult>
		<bndbox>
			<xmin>841</xmin>
			<ymin>744</ymin>
			<xmax>861</xmax>
			<ymax>768</ymax>
		</bndbox>
	</object>
</annotation>
