<annotation>
	<folder>images</folder>
	<filename>C294_D1_P2.jpeg</filename>
	<path>./drafter_25/images/C294_D1_P2.jpeg</path>
	<source>
		<database>CGHD</database>
	</source>
	<size>
		<width>1000</width>
		<height>1000</height>
		<depth>3</depth>
	</size>
	<segmented>0</segmented>
	<object>
		<name>resistor</name>
		<pose>Unspecified</pose>
		<truncated>0</truncated>
		<difficult>0</difficult>
		<bndbox>
			<xmin>327</xmin>
			<ymin>289</ymin>
			<xmax>359</xmax>
			<ymax>359</ymax>
			<rotation>100</rotation>
		</bndbox>
	</object>
	<object>
		<name>resistor</name>
		<pose>Unspecified</pose>
		<truncated>0</truncated>
		<difficult>0</difficult>
		<bndbox>
			<xmin>250</xmin>
			<ymin>419</ymin>
			<xmax>276</xmax>
			<ymax>481</ymax>
			<rotation>97</rotation>
		</bndbox>
	</object>
	<object>
		<name>resistor</name>
		<pose>Unspecified</pose>
		<truncated>0</truncated>
		<difficult>0</difficult>
		<bndbox>
			<xmin>192</xmin>
			<ymin>246</ymin>
			<xmax>226</xmax>
			<ymax>320</ymax>
			<rotation>280</rotation>
		</bndbox>
	</object>
	<object>
		<name>gnd</name>
		<pose>Unspecified</pose>
		<truncated>0</truncated>
		<difficult>0</difficult>
		<bndbox>
			<xmin>45</xmin>
			<ymin>189</ymin>
			<xmax>93</xmax>
			<ymax>217</ymax>
			<rotation>7</rotation>
		</bndbox>
	</object>
	<object>
		<name>text</name>
		<pose>Unspecified</pose>
		<truncated>0</truncated>
		<difficult>0</difficult>
		<bndbox>
			<xmin>891</xmin>
			<ymin>469</ymin>
			<xmax>929</xmax>
			<ymax>491</ymax>
		</bndbox>
		<text>10V</text>
	</object>
	<object>
		<name>gnd</name>
		<pose>Unspecified</pose>
		<truncated>0</truncated>
		<difficult>0</difficult>
		<bndbox>
			<xmin>539</xmin>
			<ymin>715</ymin>
			<xmax>581</xmax>
			<ymax>743</ymax>
			<rotation>3</rotation>
		</bndbox>
	</object>
	<object>
		<name>text</name>
		<pose>Unspecified</pose>
		<truncated>0</truncated>
		<difficult>0</difficult>
		<bndbox>
			<xmin>454</xmin>
			<ymin>325</ymin>
			<xmax>502</xmax>
			<ymax>353</ymax>
		</bndbox>
		<text>470pF</text>
	</object>
	<object>
		<name>text</name>
		<pose>Unspecified</pose>
		<truncated>0</truncated>
		<difficult>0</difficult>
		<bndbox>
			<xmin>225</xmin>
			<ymin>261</ymin>
			<xmax>273</xmax>
			<ymax>293</ymax>
		</bndbox>
		<text>47K</text>
	</object>
	<object>
		<name>text</name>
		<pose>Unspecified</pose>
		<truncated>0</truncated>
		<difficult>0</difficult>
		<bndbox>
			<xmin>1163</xmin>
			<ymin>150</ymin>
			<xmax>1273</xmax>
			<ymax>188</ymax>
		</bndbox>
		<text>12v out</text>
	</object>
	<object>
		<name>text</name>
		<pose>Unspecified</pose>
		<truncated>0</truncated>
		<difficult>0</difficult>
		<bndbox>
			<xmin>548</xmin>
			<ymin>286</ymin>
			<xmax>603</xmax>
			<ymax>316</ymax>
		</bndbox>
		<text>1mH</text>
	</object>
	<object>
		<name>text</name>
		<pose>Unspecified</pose>
		<truncated>0</truncated>
		<difficult>0</difficult>
		<bndbox>
			<xmin>355</xmin>
			<ymin>305</ymin>
			<xmax>401</xmax>
			<ymax>333</ymax>
		</bndbox>
		<text>470</text>
	</object>
	<object>
		<name>text</name>
		<pose>Unspecified</pose>
		<truncated>0</truncated>
		<difficult>0</difficult>
		<bndbox>
			<xmin>1018</xmin>
			<ymin>427</ymin>
			<xmax>1100</xmax>
			<ymax>461</ymax>
		</bndbox>
		<text>100&#181;F</text>
	</object>
	<object>
		<name>text</name>
		<pose>Unspecified</pose>
		<truncated>0</truncated>
		<difficult>0</difficult>
		<bndbox>
			<xmin>44</xmin>
			<ymin>412</ymin>
			<xmax>116</xmax>
			<ymax>448</ymax>
		</bndbox>
		<text>100&#181;F</text>
	</object>
	<object>
		<name>text</name>
		<pose>Unspecified</pose>
		<truncated>0</truncated>
		<difficult>0</difficult>
		<bndbox>
			<xmin>569</xmin>
			<ymin>146</ymin>
			<xmax>652</xmax>
			<ymax>177</ymax>
		</bndbox>
		<text>BYV27</text>
	</object>
	<object>
		<name>text</name>
		<pose>Unspecified</pose>
		<truncated>0</truncated>
		<difficult>0</difficult>
		<bndbox>
			<xmin>375</xmin>
			<ymin>455</ymin>
			<xmax>439</xmax>
			<ymax>489</ymax>
		</bndbox>
		<text>BC337</text>
	</object>
	<object>
		<name>text</name>
		<pose>Unspecified</pose>
		<truncated>0</truncated>
		<difficult>0</difficult>
		<bndbox>
			<xmin>889</xmin>
			<ymin>239</ymin>
			<xmax>929</xmax>
			<ymax>263</ymax>
		</bndbox>
		<text>10K</text>
	</object>
	<object>
		<name>text</name>
		<pose>Unspecified</pose>
		<truncated>0</truncated>
		<difficult>0</difficult>
		<bndbox>
			<xmin>275</xmin>
			<ymin>419</ymin>
			<xmax>319</xmax>
			<ymax>451</ymax>
		</bndbox>
		<text>4&#181;7</text>
	</object>
	<object>
		<name>text</name>
		<pose>Unspecified</pose>
		<truncated>0</truncated>
		<difficult>0</difficult>
		<bndbox>
			<xmin>281</xmin>
			<ymin>85</ymin>
			<xmax>383</xmax>
			<ymax>129</ymax>
		</bndbox>
		<text>MJE2955</text>
	</object>
	<object>
		<name>junction</name>
		<pose>Unspecified</pose>
		<truncated>0</truncated>
		<difficult>0</difficult>
		<bndbox>
			<xmin>550</xmin>
			<ymin>684</ymin>
			<xmax>564</xmax>
			<ymax>698</ymax>
		</bndbox>
	</object>
	<object>
		<name>junction</name>
		<pose>Unspecified</pose>
		<truncated>0</truncated>
		<difficult>0</difficult>
		<bndbox>
			<xmin>493</xmin>
			<ymin>128</ymin>
			<xmax>509</xmax>
			<ymax>144</ymax>
		</bndbox>
	</object>
	<object>
		<name>junction</name>
		<pose>Unspecified</pose>
		<truncated>0</truncated>
		<difficult>0</difficult>
		<bndbox>
			<xmin>115</xmin>
			<ymin>148</ymin>
			<xmax>129</xmax>
			<ymax>162</ymax>
		</bndbox>
	</object>
	<object>
		<name>junction</name>
		<pose>Unspecified</pose>
		<truncated>0</truncated>
		<difficult>0</difficult>
		<bndbox>
			<xmin>857</xmin>
			<ymin>109</ymin>
			<xmax>871</xmax>
			<ymax>123</ymax>
		</bndbox>
	</object>
	<object>
		<name>junction</name>
		<pose>Unspecified</pose>
		<truncated>0</truncated>
		<difficult>0</difficult>
		<bndbox>
			<xmin>189</xmin>
			<ymin>142</ymin>
			<xmax>203</xmax>
			<ymax>156</ymax>
		</bndbox>
	</object>
	<object>
		<name>text</name>
		<pose>Unspecified</pose>
		<truncated>0</truncated>
		<difficult>0</difficult>
		<bndbox>
			<xmin>1177</xmin>
			<ymin>236</ymin>
			<xmax>1205</xmax>
			<ymax>270</ymax>
		</bndbox>
		<text>+</text>
	</object>
	<object>
		<name>junction</name>
		<pose>Unspecified</pose>
		<truncated>0</truncated>
		<difficult>0</difficult>
		<bndbox>
			<xmin>691</xmin>
			<ymin>117</ymin>
			<xmax>705</xmax>
			<ymax>131</ymax>
		</bndbox>
	</object>
	<object>
		<name>junction</name>
		<pose>Unspecified</pose>
		<truncated>0</truncated>
		<difficult>0</difficult>
		<bndbox>
			<xmin>428</xmin>
			<ymin>130</ymin>
			<xmax>442</xmax>
			<ymax>144</ymax>
		</bndbox>
	</object>
	<object>
		<name>junction</name>
		<pose>Unspecified</pose>
		<truncated>0</truncated>
		<difficult>0</difficult>
		<bndbox>
			<xmin>953</xmin>
			<ymin>104</ymin>
			<xmax>967</xmax>
			<ymax>118</ymax>
		</bndbox>
	</object>
	<object>
		<name>junction</name>
		<pose>Unspecified</pose>
		<truncated>0</truncated>
		<difficult>0</difficult>
		<bndbox>
			<xmin>157</xmin>
			<ymin>675</ymin>
			<xmax>173</xmax>
			<ymax>691</ymax>
		</bndbox>
	</object>
	<object>
		<name>junction</name>
		<pose>Unspecified</pose>
		<truncated>0</truncated>
		<difficult>0</difficult>
		<bndbox>
			<xmin>891</xmin>
			<ymin>692</ymin>
			<xmax>903</xmax>
			<ymax>704</ymax>
		</bndbox>
	</object>
	<object>
		<name>junction</name>
		<pose>Unspecified</pose>
		<truncated>0</truncated>
		<difficult>0</difficult>
		<bndbox>
			<xmin>400</xmin>
			<ymin>678</ymin>
			<xmax>416</xmax>
			<ymax>694</ymax>
		</bndbox>
	</object>
	<object>
		<name>transistor.bjt</name>
		<pose>Unspecified</pose>
		<truncated>0</truncated>
		<difficult>0</difficult>
		<bndbox>
			<xmin>705</xmin>
			<ymin>233</ymin>
			<xmax>775</xmax>
			<ymax>315</ymax>
			<rotation>179</rotation>
		</bndbox>
	</object>
	<object>
		<name>junction</name>
		<pose>Unspecified</pose>
		<truncated>0</truncated>
		<difficult>0</difficult>
		<bndbox>
			<xmin>237</xmin>
			<ymin>556</ymin>
			<xmax>249</xmax>
			<ymax>568</ymax>
		</bndbox>
	</object>
	<object>
		<name>junction</name>
		<pose>Unspecified</pose>
		<truncated>0</truncated>
		<difficult>0</difficult>
		<bndbox>
			<xmin>979</xmin>
			<ymin>697</ymin>
			<xmax>995</xmax>
			<ymax>711</ymax>
		</bndbox>
	</object>
	<object>
		<name>junction</name>
		<pose>Unspecified</pose>
		<truncated>0</truncated>
		<difficult>0</difficult>
		<bndbox>
			<xmin>249</xmin>
			<ymin>368</ymin>
			<xmax>259</xmax>
			<ymax>378</ymax>
		</bndbox>
	</object>
	<object>
		<name>junction</name>
		<pose>Unspecified</pose>
		<truncated>0</truncated>
		<difficult>0</difficult>
		<bndbox>
			<xmin>221</xmin>
			<ymin>367</ymin>
			<xmax>233</xmax>
			<ymax>379</ymax>
		</bndbox>
	</object>
	<object>
		<name>terminal</name>
		<pose>Unspecified</pose>
		<truncated>0</truncated>
		<difficult>0</difficult>
		<bndbox>
			<xmin>1120</xmin>
			<ymin>96</ymin>
			<xmax>1148</xmax>
			<ymax>118</ymax>
		</bndbox>
	</object>
	<object>
		<name>text</name>
		<pose>Unspecified</pose>
		<truncated>0</truncated>
		<difficult>0</difficult>
		<bndbox>
			<xmin>885</xmin>
			<ymin>276</ymin>
			<xmax>903</xmax>
			<ymax>300</ymax>
		</bndbox>
		<text>1</text>
	</object>
	<object>
		<name>junction</name>
		<pose>Unspecified</pose>
		<truncated>0</truncated>
		<difficult>0</difficult>
		<bndbox>
			<xmin>719</xmin>
			<ymin>550</ymin>
			<xmax>735</xmax>
			<ymax>566</ymax>
		</bndbox>
	</object>
	<object>
		<name>text</name>
		<pose>Unspecified</pose>
		<truncated>0</truncated>
		<difficult>0</difficult>
		<bndbox>
			<xmin>885</xmin>
			<ymin>209</ymin>
			<xmax>903</xmax>
			<ymax>233</ymax>
		</bndbox>
		<text>1</text>
	</object>
	<object>
		<name>junction</name>
		<pose>Unspecified</pose>
		<truncated>0</truncated>
		<difficult>0</difficult>
		<bndbox>
			<xmin>263</xmin>
			<ymin>496</ymin>
			<xmax>275</xmax>
			<ymax>508</ymax>
		</bndbox>
	</object>
	<object>
		<name>text</name>
		<pose>Unspecified</pose>
		<truncated>0</truncated>
		<difficult>0</difficult>
		<bndbox>
			<xmin>666</xmin>
			<ymin>263</ymin>
			<xmax>740</xmax>
			<ymax>289</ymax>
		</bndbox>
		<text>BC546</text>
	</object>
	<object>
		<name>junction</name>
		<pose>Unspecified</pose>
		<truncated>0</truncated>
		<difficult>0</difficult>
		<bndbox>
			<xmin>472</xmin>
			<ymin>551</ymin>
			<xmax>482</xmax>
			<ymax>561</ymax>
		</bndbox>
	</object>
	<object>
		<name>transistor.bjt</name>
		<pose>Unspecified</pose>
		<truncated>0</truncated>
		<difficult>0</difficult>
		<bndbox>
			<xmin>282</xmin>
			<ymin>132</ymin>
			<xmax>380</xmax>
			<ymax>211</ymax>
			<rotation>91</rotation>
		</bndbox>
	</object>
	<object>
		<name>terminal</name>
		<pose>Unspecified</pose>
		<truncated>0</truncated>
		<difficult>0</difficult>
		<bndbox>
			<xmin>1144</xmin>
			<ymin>241</ymin>
			<xmax>1170</xmax>
			<ymax>271</ymax>
		</bndbox>
	</object>
	<object>
		<name>inductor</name>
		<pose>Unspecified</pose>
		<truncated>0</truncated>
		<difficult>0</difficult>
		<bndbox>
			<xmin>509</xmin>
			<ymin>262</ymin>
			<xmax>543</xmax>
			<ymax>352</ymax>
			<rotation>106</rotation>
		</bndbox>
	</object>
	<object>
		<name>junction</name>
		<pose>Unspecified</pose>
		<truncated>0</truncated>
		<difficult>0</difficult>
		<bndbox>
			<xmin>1140</xmin>
			<ymin>700</ymin>
			<xmax>1154</xmax>
			<ymax>716</ymax>
		</bndbox>
	</object>
	<object>
		<name>resistor.adjustable</name>
		<pose>Unspecified</pose>
		<truncated>0</truncated>
		<difficult>0</difficult>
		<bndbox>
			<xmin>850</xmin>
			<ymin>220</ymin>
			<xmax>885</xmax>
			<ymax>301</ymax>
			<rotation>89</rotation>
		</bndbox>
	</object>
	<object>
		<name>diode</name>
		<pose>Unspecified</pose>
		<truncated>0</truncated>
		<difficult>0</difficult>
		<bndbox>
			<xmin>578</xmin>
			<ymin>107</ymin>
			<xmax>612</xmax>
			<ymax>147</ymax>
			<rotation>180</rotation>
		</bndbox>
	</object>
	<object>
		<name>capacitor.polarized</name>
		<pose>Unspecified</pose>
		<truncated>0</truncated>
		<difficult>0</difficult>
		<bndbox>
			<xmin>122</xmin>
			<ymin>380</ymin>
			<xmax>164</xmax>
			<ymax>428</ymax>
			<rotation>270</rotation>
		</bndbox>
	</object>
	<object>
		<name>crossover</name>
		<pose>Unspecified</pose>
		<truncated>0</truncated>
		<difficult>0</difficult>
		<bndbox>
			<xmin>386</xmin>
			<ymin>554</ymin>
			<xmax>400</xmax>
			<ymax>566</ymax>
		</bndbox>
	</object>
	<object>
		<name>crossover</name>
		<pose>Unspecified</pose>
		<truncated>0</truncated>
		<difficult>0</difficult>
		<bndbox>
			<xmin>537</xmin>
			<ymin>551</ymin>
			<xmax>551</xmax>
			<ymax>563</ymax>
		</bndbox>
	</object>
	<object>
		<name>diode.zener</name>
		<pose>Unspecified</pose>
		<truncated>0</truncated>
		<difficult>0</difficult>
		<bndbox>
			<xmin>850</xmin>
			<ymin>440</ymin>
			<xmax>898</xmax>
			<ymax>478</ymax>
			<rotation>279</rotation>
		</bndbox>
	</object>
	<object>
		<name>text</name>
		<pose>Unspecified</pose>
		<truncated>0</truncated>
		<difficult>0</difficult>
		<bndbox>
			<xmin>125</xmin>
			<ymin>95</ymin>
			<xmax>153</xmax>
			<ymax>123</ymax>
		</bndbox>
		<text>+</text>
	</object>
	<object>
		<name>capacitor.polarized</name>
		<pose>Unspecified</pose>
		<truncated>0</truncated>
		<difficult>0</difficult>
		<bndbox>
			<xmin>950</xmin>
			<ymin>427</ymin>
			<xmax>1008</xmax>
			<ymax>479</ymax>
			<rotation>91</rotation>
		</bndbox>
	</object>
	<object>
		<name>junction</name>
		<pose>Unspecified</pose>
		<truncated>0</truncated>
		<difficult>0</difficult>
		<bndbox>
			<xmin>836</xmin>
			<ymin>264</ymin>
			<xmax>846</xmax>
			<ymax>274</ymax>
		</bndbox>
	</object>
	<object>
		<name>capacitor.unpolarized</name>
		<pose>Unspecified</pose>
		<truncated>0</truncated>
		<difficult>0</difficult>
		<bndbox>
			<xmin>434</xmin>
			<ymin>308</ymin>
			<xmax>467</xmax>
			<ymax>328</ymax>
			<rotation>271</rotation>
		</bndbox>
	</object>
	<object>
		<name>junction</name>
		<pose>Unspecified</pose>
		<truncated>0</truncated>
		<difficult>0</difficult>
		<bndbox>
			<xmin>840</xmin>
			<ymin>247</ymin>
			<xmax>847</xmax>
			<ymax>256</ymax>
		</bndbox>
	</object>
	<object>
		<name>text</name>
		<pose>Unspecified</pose>
		<truncated>0</truncated>
		<difficult>0</difficult>
		<bndbox>
			<xmin>1157</xmin>
			<ymin>99</ymin>
			<xmax>1192</xmax>
			<ymax>112</ymax>
		</bndbox>
		<text>-</text>
	</object>
	<object>
		<name>text</name>
		<pose>Unspecified</pose>
		<truncated>0</truncated>
		<difficult>0</difficult>
		<bndbox>
			<xmin>10</xmin>
			<ymin>124</ymin>
			<xmax>43</xmax>
			<ymax>136</ymax>
		</bndbox>
		<text>-</text>
	</object>
	<object>
		<name>vss</name>
		<pose>Unspecified</pose>
		<truncated>0</truncated>
		<difficult>0</difficult>
		<bndbox>
			<xmin>42</xmin>
			<ymin>52</ymin>
			<xmax>81</xmax>
			<ymax>91</ymax>
			<rotation>356</rotation>
		</bndbox>
	</object>
	<object>
		<name>vss</name>
		<pose>Unspecified</pose>
		<truncated>0</truncated>
		<difficult>0</difficult>
		<bndbox>
			<xmin>102</xmin>
			<ymin>49</ymin>
			<xmax>139</xmax>
			<ymax>88</ymax>
			<rotation>4</rotation>
		</bndbox>
	</object>
	<object>
		<name>transistor.bjt</name>
		<pose>Unspecified</pose>
		<truncated>0</truncated>
		<difficult>0</difficult>
		<bndbox>
			<xmin>312</xmin>
			<ymin>446</ymin>
			<xmax>391</xmax>
			<ymax>534</ymax>
			<rotation>8</rotation>
		</bndbox>
	</object>
</annotation>
