<annotation>
	<folder>images</folder>
	<filename>C294_D2_P1.jpeg</filename>
	<path>./drafter_25/images/C294_D2_P1.jpeg</path>
	<source>
		<database>CGHD</database>
	</source>
	<size>
		<width>1000</width>
		<height>1000</height>
		<depth>3</depth>
	</size>
	<segmented>0</segmented>
	<object>
		<name>resistor</name>
		<pose>Unspecified</pose>
		<truncated>0</truncated>
		<difficult>0</difficult>
		<bndbox>
			<xmin>244</xmin>
			<ymin>224</ymin>
			<xmax>280</xmax>
			<ymax>288</ymax>
			<rotation>95</rotation>
		</bndbox>
	</object>
	<object>
		<name>resistor</name>
		<pose>Unspecified</pose>
		<truncated>0</truncated>
		<difficult>0</difficult>
		<bndbox>
			<xmin>295</xmin>
			<ymin>365</ymin>
			<xmax>327</xmax>
			<ymax>413</ymax>
			<rotation>97</rotation>
		</bndbox>
	</object>
	<object>
		<name>text</name>
		<pose>Unspecified</pose>
		<truncated>0</truncated>
		<difficult>0</difficult>
		<bndbox>
			<xmin>1116</xmin>
			<ymin>357</ymin>
			<xmax>1194</xmax>
			<ymax>389</ymax>
		</bndbox>
		<text>100&#181;F</text>
	</object>
	<object>
		<name>text</name>
		<pose>Unspecified</pose>
		<truncated>0</truncated>
		<difficult>0</difficult>
		<bndbox>
			<xmin>267</xmin>
			<ymin>204</ymin>
			<xmax>313</xmax>
			<ymax>232</ymax>
		</bndbox>
		<text>47K</text>
	</object>
	<object>
		<name>text</name>
		<pose>Unspecified</pose>
		<truncated>0</truncated>
		<difficult>0</difficult>
		<bndbox>
			<xmin>954</xmin>
			<ymin>501</ymin>
			<xmax>994</xmax>
			<ymax>531</ymax>
		</bndbox>
		<text>10V</text>
	</object>
	<object>
		<name>text</name>
		<pose>Unspecified</pose>
		<truncated>0</truncated>
		<difficult>0</difficult>
		<bndbox>
			<xmin>954</xmin>
			<ymin>277</ymin>
			<xmax>988</xmax>
			<ymax>301</ymax>
		</bndbox>
		<text>10K</text>
	</object>
	<object>
		<name>resistor</name>
		<pose>Unspecified</pose>
		<truncated>0</truncated>
		<difficult>0</difficult>
		<bndbox>
			<xmin>370</xmin>
			<ymin>234</ymin>
			<xmax>404</xmax>
			<ymax>300</ymax>
			<rotation>94</rotation>
		</bndbox>
	</object>
	<object>
		<name>text</name>
		<pose>Unspecified</pose>
		<truncated>0</truncated>
		<difficult>0</difficult>
		<bndbox>
			<xmin>403</xmin>
			<ymin>253</ymin>
			<xmax>449</xmax>
			<ymax>279</ymax>
		</bndbox>
		<text>470</text>
	</object>
	<object>
		<name>text</name>
		<pose>Unspecified</pose>
		<truncated>0</truncated>
		<difficult>0</difficult>
		<bndbox>
			<xmin>1190</xmin>
			<ymin>169</ymin>
			<xmax>1280</xmax>
			<ymax>203</ymax>
		</bndbox>
		<text>12Vout</text>
	</object>
	<object>
		<name>text</name>
		<pose>Unspecified</pose>
		<truncated>0</truncated>
		<difficult>0</difficult>
		<bndbox>
			<xmin>676</xmin>
			<ymin>147</ymin>
			<xmax>760</xmax>
			<ymax>177</ymax>
		</bndbox>
		<text>BYV27</text>
	</object>
	<object>
		<name>text</name>
		<pose>Unspecified</pose>
		<truncated>0</truncated>
		<difficult>0</difficult>
		<bndbox>
			<xmin>54</xmin>
			<ymin>360</ymin>
			<xmax>128</xmax>
			<ymax>408</ymax>
		</bndbox>
		<text>100&#181;F</text>
	</object>
	<object>
		<name>text</name>
		<pose>Unspecified</pose>
		<truncated>0</truncated>
		<difficult>0</difficult>
		<bndbox>
			<xmin>419</xmin>
			<ymin>381</ymin>
			<xmax>491</xmax>
			<ymax>419</ymax>
		</bndbox>
		<text>BC337</text>
	</object>
	<object>
		<name>text</name>
		<pose>Unspecified</pose>
		<truncated>0</truncated>
		<difficult>0</difficult>
		<bndbox>
			<xmin>743</xmin>
			<ymin>303</ymin>
			<xmax>805</xmax>
			<ymax>343</ymax>
		</bndbox>
		<text>BC54</text>
	</object>
	<object>
		<name>text</name>
		<pose>Unspecified</pose>
		<truncated>0</truncated>
		<difficult>0</difficult>
		<bndbox>
			<xmin>525</xmin>
			<ymin>284</ymin>
			<xmax>605</xmax>
			<ymax>312</ymax>
		</bndbox>
		<text>470pF</text>
	</object>
	<object>
		<name>text</name>
		<pose>Unspecified</pose>
		<truncated>0</truncated>
		<difficult>0</difficult>
		<bndbox>
			<xmin>323</xmin>
			<ymin>359</ymin>
			<xmax>379</xmax>
			<ymax>385</ymax>
		</bndbox>
		<text>4K7</text>
	</object>
	<object>
		<name>text</name>
		<pose>Unspecified</pose>
		<truncated>0</truncated>
		<difficult>0</difficult>
		<bndbox>
			<xmin>675</xmin>
			<ymin>248</ymin>
			<xmax>739</xmax>
			<ymax>276</ymax>
		</bndbox>
		<text>1mH</text>
	</object>
	<object>
		<name>junction</name>
		<pose>Unspecified</pose>
		<truncated>0</truncated>
		<difficult>0</difficult>
		<bndbox>
			<xmin>242</xmin>
			<ymin>122</ymin>
			<xmax>256</xmax>
			<ymax>136</ymax>
		</bndbox>
	</object>
	<object>
		<name>junction</name>
		<pose>Unspecified</pose>
		<truncated>0</truncated>
		<difficult>0</difficult>
		<bndbox>
			<xmin>955</xmin>
			<ymin>676</ymin>
			<xmax>971</xmax>
			<ymax>692</ymax>
		</bndbox>
	</object>
	<object>
		<name>junction</name>
		<pose>Unspecified</pose>
		<truncated>0</truncated>
		<difficult>0</difficult>
		<bndbox>
			<xmin>917</xmin>
			<ymin>130</ymin>
			<xmax>931</xmax>
			<ymax>146</ymax>
		</bndbox>
	</object>
	<object>
		<name>junction</name>
		<pose>Unspecified</pose>
		<truncated>0</truncated>
		<difficult>0</difficult>
		<bndbox>
			<xmin>439</xmin>
			<ymin>648</ymin>
			<xmax>457</xmax>
			<ymax>666</ymax>
		</bndbox>
	</object>
	<object>
		<name>junction</name>
		<pose>Unspecified</pose>
		<truncated>0</truncated>
		<difficult>0</difficult>
		<bndbox>
			<xmin>535</xmin>
			<ymin>492</ymin>
			<xmax>551</xmax>
			<ymax>508</ymax>
		</bndbox>
	</object>
	<object>
		<name>terminal</name>
		<pose>Unspecified</pose>
		<truncated>0</truncated>
		<difficult>0</difficult>
		<bndbox>
			<xmin>1165</xmin>
			<ymin>137</ymin>
			<xmax>1185</xmax>
			<ymax>157</ymax>
		</bndbox>
	</object>
	<object>
		<name>text</name>
		<pose>Unspecified</pose>
		<truncated>0</truncated>
		<difficult>0</difficult>
		<bndbox>
			<xmin>953</xmin>
			<ymin>318</ymin>
			<xmax>973</xmax>
			<ymax>344</ymax>
		</bndbox>
		<text>1</text>
	</object>
	<object>
		<name>junction</name>
		<pose>Unspecified</pose>
		<truncated>0</truncated>
		<difficult>0</difficult>
		<bndbox>
			<xmin>628</xmin>
			<ymin>122</ymin>
			<xmax>644</xmax>
			<ymax>136</ymax>
		</bndbox>
	</object>
	<object>
		<name>junction</name>
		<pose>Unspecified</pose>
		<truncated>0</truncated>
		<difficult>0</difficult>
		<bndbox>
			<xmin>1043</xmin>
			<ymin>139</ymin>
			<xmax>1055</xmax>
			<ymax>151</ymax>
		</bndbox>
	</object>
	<object>
		<name>junction</name>
		<pose>Unspecified</pose>
		<truncated>0</truncated>
		<difficult>0</difficult>
		<bndbox>
			<xmin>310</xmin>
			<ymin>420</ymin>
			<xmax>320</xmax>
			<ymax>430</ymax>
		</bndbox>
	</object>
	<object>
		<name>junction</name>
		<pose>Unspecified</pose>
		<truncated>0</truncated>
		<difficult>0</difficult>
		<bndbox>
			<xmin>261</xmin>
			<ymin>307</ymin>
			<xmax>273</xmax>
			<ymax>319</ymax>
		</bndbox>
	</object>
	<object>
		<name>text</name>
		<pose>Unspecified</pose>
		<truncated>0</truncated>
		<difficult>0</difficult>
		<bndbox>
			<xmin>949</xmin>
			<ymin>251</ymin>
			<xmax>969</xmax>
			<ymax>277</ymax>
		</bndbox>
		<text>1</text>
	</object>
	<object>
		<name>junction</name>
		<pose>Unspecified</pose>
		<truncated>0</truncated>
		<difficult>0</difficult>
		<bndbox>
			<xmin>494</xmin>
			<ymin>122</ymin>
			<xmax>508</xmax>
			<ymax>136</ymax>
		</bndbox>
	</object>
	<object>
		<name>junction</name>
		<pose>Unspecified</pose>
		<truncated>0</truncated>
		<difficult>0</difficult>
		<bndbox>
			<xmin>158</xmin>
			<ymin>124</ymin>
			<xmax>170</xmax>
			<ymax>136</ymax>
		</bndbox>
	</object>
	<object>
		<name>junction</name>
		<pose>Unspecified</pose>
		<truncated>0</truncated>
		<difficult>0</difficult>
		<bndbox>
			<xmin>766</xmin>
			<ymin>125</ymin>
			<xmax>778</xmax>
			<ymax>137</ymax>
		</bndbox>
	</object>
	<object>
		<name>junction</name>
		<pose>Unspecified</pose>
		<truncated>0</truncated>
		<difficult>0</difficult>
		<bndbox>
			<xmin>818</xmin>
			<ymin>497</ymin>
			<xmax>830</xmax>
			<ymax>509</ymax>
		</bndbox>
	</object>
	<object>
		<name>junction</name>
		<pose>Unspecified</pose>
		<truncated>0</truncated>
		<difficult>0</difficult>
		<bndbox>
			<xmin>155</xmin>
			<ymin>643</ymin>
			<xmax>171</xmax>
			<ymax>657</ymax>
		</bndbox>
	</object>
	<object>
		<name>junction</name>
		<pose>Unspecified</pose>
		<truncated>0</truncated>
		<difficult>0</difficult>
		<bndbox>
			<xmin>296</xmin>
			<ymin>308</ymin>
			<xmax>306</xmax>
			<ymax>318</ymax>
		</bndbox>
	</object>
	<object>
		<name>terminal</name>
		<pose>Unspecified</pose>
		<truncated>0</truncated>
		<difficult>0</difficult>
		<bndbox>
			<xmin>1188</xmin>
			<ymin>251</ymin>
			<xmax>1208</xmax>
			<ymax>275</ymax>
		</bndbox>
	</object>
	<object>
		<name>junction</name>
		<pose>Unspecified</pose>
		<truncated>0</truncated>
		<difficult>0</difficult>
		<bndbox>
			<xmin>1077</xmin>
			<ymin>687</ymin>
			<xmax>1093</xmax>
			<ymax>703</ymax>
		</bndbox>
	</object>
	<object>
		<name>junction</name>
		<pose>Unspecified</pose>
		<truncated>0</truncated>
		<difficult>0</difficult>
		<bndbox>
			<xmin>272</xmin>
			<ymin>495</ymin>
			<xmax>284</xmax>
			<ymax>509</ymax>
		</bndbox>
	</object>
	<object>
		<name>capacitor.unpolarized</name>
		<pose>Unspecified</pose>
		<truncated>0</truncated>
		<difficult>0</difficult>
		<bndbox>
			<xmin>501</xmin>
			<ymin>261</ymin>
			<xmax>539</xmax>
			<ymax>287</ymax>
			<rotation>89</rotation>
		</bndbox>
	</object>
	<object>
		<name>junction</name>
		<pose>Unspecified</pose>
		<truncated>0</truncated>
		<difficult>0</difficult>
		<bndbox>
			<xmin>896</xmin>
			<ymin>290</ymin>
			<xmax>904</xmax>
			<ymax>298</ymax>
		</bndbox>
	</object>
	<object>
		<name>junction</name>
		<pose>Unspecified</pose>
		<truncated>0</truncated>
		<difficult>0</difficult>
		<bndbox>
			<xmin>896</xmin>
			<ymin>303</ymin>
			<xmax>904</xmax>
			<ymax>311</ymax>
		</bndbox>
	</object>
	<object>
		<name>junction</name>
		<pose>Unspecified</pose>
		<truncated>0</truncated>
		<difficult>0</difficult>
		<bndbox>
			<xmin>672</xmin>
			<ymin>657</ymin>
			<xmax>692</xmax>
			<ymax>677</ymax>
		</bndbox>
	</object>
	<object>
		<name>text</name>
		<pose>Unspecified</pose>
		<truncated>0</truncated>
		<difficult>0</difficult>
		<bndbox>
			<xmin>72</xmin>
			<ymin>17</ymin>
			<xmax>323</xmax>
			<ymax>47</ymax>
		</bndbox>
		<text>3V.....15V DC input</text>
	</object>
	<object>
		<name>transistor.bjt</name>
		<pose>Unspecified</pose>
		<truncated>0</truncated>
		<difficult>0</difficult>
		<bndbox>
			<xmin>781</xmin>
			<ymin>257</ymin>
			<xmax>848</xmax>
			<ymax>352</ymax>
			<rotation>179</rotation>
		</bndbox>
	</object>
	<object>
		<name>inductor</name>
		<pose>Unspecified</pose>
		<truncated>0</truncated>
		<difficult>0</difficult>
		<bndbox>
			<xmin>646</xmin>
			<ymin>218</ymin>
			<xmax>675</xmax>
			<ymax>338</ymax>
			<rotation>100</rotation>
		</bndbox>
	</object>
	<object>
		<name>junction</name>
		<pose>Unspecified</pose>
		<truncated>0</truncated>
		<difficult>0</difficult>
		<bndbox>
			<xmin>1273</xmin>
			<ymin>688</ymin>
			<xmax>1291</xmax>
			<ymax>706</ymax>
		</bndbox>
	</object>
	<object>
		<name>crossover</name>
		<pose>Unspecified</pose>
		<truncated>0</truncated>
		<difficult>0</difficult>
		<bndbox>
			<xmin>430</xmin>
			<ymin>495</ymin>
			<xmax>444</xmax>
			<ymax>507</ymax>
		</bndbox>
	</object>
	<object>
		<name>diode</name>
		<pose>Unspecified</pose>
		<truncated>0</truncated>
		<difficult>0</difficult>
		<bndbox>
			<xmin>689</xmin>
			<ymin>112</ymin>
			<xmax>723</xmax>
			<ymax>146</ymax>
			<rotation>181</rotation>
		</bndbox>
	</object>
	<object>
		<name>transistor.bjt</name>
		<pose>Unspecified</pose>
		<truncated>0</truncated>
		<difficult>0</difficult>
		<bndbox>
			<xmin>364</xmin>
			<ymin>385</ymin>
			<xmax>434</xmax>
			<ymax>457</ymax>
			<rotation>10</rotation>
		</bndbox>
	</object>
	<object>
		<name>crossover</name>
		<pose>Unspecified</pose>
		<truncated>0</truncated>
		<difficult>0</difficult>
		<bndbox>
			<xmin>658</xmin>
			<ymin>494</ymin>
			<xmax>674</xmax>
			<ymax>508</ymax>
		</bndbox>
	</object>
	<object>
		<name>transistor.bjt</name>
		<pose>Unspecified</pose>
		<truncated>0</truncated>
		<difficult>0</difficult>
		<bndbox>
			<xmin>314</xmin>
			<ymin>122</ymin>
			<xmax>419</xmax>
			<ymax>180</ymax>
			<rotation>97</rotation>
		</bndbox>
	</object>
	<object>
		<name>vss</name>
		<pose>Unspecified</pose>
		<truncated>0</truncated>
		<difficult>0</difficult>
		<bndbox>
			<xmin>101</xmin>
			<ymin>52</ymin>
			<xmax>137</xmax>
			<ymax>88</ymax>
		</bndbox>
	</object>
	<object>
		<name>capacitor.polarized</name>
		<pose>Unspecified</pose>
		<truncated>0</truncated>
		<difficult>0</difficult>
		<bndbox>
			<xmin>139</xmin>
			<ymin>308</ymin>
			<xmax>195</xmax>
			<ymax>376</ymax>
			<rotation>268</rotation>
		</bndbox>
	</object>
	<object>
		<name>diode.zener</name>
		<pose>Unspecified</pose>
		<truncated>0</truncated>
		<difficult>0</difficult>
		<bndbox>
			<xmin>921</xmin>
			<ymin>472</ymin>
			<xmax>977</xmax>
			<ymax>500</ymax>
			<rotation>272</rotation>
		</bndbox>
	</object>
	<object>
		<name>capacitor.polarized</name>
		<pose>Unspecified</pose>
		<truncated>0</truncated>
		<difficult>0</difficult>
		<bndbox>
			<xmin>1035</xmin>
			<ymin>342</ymin>
			<xmax>1108</xmax>
			<ymax>413</ymax>
			<rotation>94</rotation>
		</bndbox>
	</object>
	<object>
		<name>resistor.adjustable</name>
		<pose>Unspecified</pose>
		<truncated>0</truncated>
		<difficult>0</difficult>
		<bndbox>
			<xmin>910</xmin>
			<ymin>261</ymin>
			<xmax>952</xmax>
			<ymax>339</ymax>
			<rotation>184</rotation>
		</bndbox>
	</object>
	<object>
		<name>text</name>
		<pose>Unspecified</pose>
		<truncated>0</truncated>
		<difficult>0</difficult>
		<bndbox>
			<xmin>1211</xmin>
			<ymin>245</ymin>
			<xmax>1239</xmax>
			<ymax>276</ymax>
		</bndbox>
		<text>+</text>
	</object>
	<object>
		<name>text</name>
		<pose>Unspecified</pose>
		<truncated>0</truncated>
		<difficult>0</difficult>
		<bndbox>
			<xmin>73</xmin>
			<ymin>91</ymin>
			<xmax>103</xmax>
			<ymax>107</ymax>
		</bndbox>
		<text>-</text>
	</object>
	<object>
		<name>text</name>
		<pose>Unspecified</pose>
		<truncated>0</truncated>
		<difficult>0</difficult>
		<bndbox>
			<xmin>169</xmin>
			<ymin>81</ymin>
			<xmax>190</xmax>
			<ymax>104</ymax>
		</bndbox>
		<text>+</text>
	</object>
	<object>
		<name>vss</name>
		<pose>Unspecified</pose>
		<truncated>0</truncated>
		<difficult>0</difficult>
		<bndbox>
			<xmin>150</xmin>
			<ymin>48</ymin>
			<xmax>185</xmax>
			<ymax>83</ymax>
		</bndbox>
	</object>
	<object>
		<name>text</name>
		<pose>Unspecified</pose>
		<truncated>0</truncated>
		<difficult>0</difficult>
		<bndbox>
			<xmin>1190</xmin>
			<ymin>133</ymin>
			<xmax>1220</xmax>
			<ymax>148</ymax>
		</bndbox>
		<text>-</text>
	</object>
	<object>
		<name>text</name>
		<pose>Unspecified</pose>
		<truncated>0</truncated>
		<difficult>0</difficult>
		<bndbox>
			<xmin>922</xmin>
			<ymin>281</ymin>
			<xmax>946</xmax>
			<ymax>303</ymax>
		</bndbox>
		<text>65%</text>
	</object>
</annotation>
