<annotation>
	<folder>images</folder>
	<filename>C299_D1_P2.jpg</filename>
	<path>./drafter_25/images/C299_D1_P2.jpg</path>
	<source>
		<database>CGHD</database>
	</source>
	<size>
		<width>1000</width>
		<height>1000</height>
		<depth>3</depth>
	</size>
	<segmented>0</segmented>
	<object>
		<name>text</name>
		<pose>Unspecified</pose>
		<truncated>0</truncated>
		<difficult>0</difficult>
		<bndbox>
			<xmin>1172</xmin>
			<ymin>129</ymin>
			<xmax>1454</xmax>
			<ymax>224</ymax>
		</bndbox>
		<text>Difference (D)</text>
	</object>
	<object>
		<name>text</name>
		<pose>Unspecified</pose>
		<truncated>0</truncated>
		<difficult>0</difficult>
		<bndbox>
			<xmin>1206</xmin>
			<ymin>498</ymin>
			<xmax>1294</xmax>
			<ymax>546</ymax>
		</bndbox>
		<text>Bout</text>
	</object>
	<object>
		<name>junction</name>
		<pose>Unspecified</pose>
		<truncated>0</truncated>
		<difficult>0</difficult>
		<bndbox>
			<xmin>551</xmin>
			<ymin>436</ymin>
			<xmax>569</xmax>
			<ymax>454</ymax>
		</bndbox>
	</object>
	<object>
		<name>junction</name>
		<pose>Unspecified</pose>
		<truncated>0</truncated>
		<difficult>0</difficult>
		<bndbox>
			<xmin>577</xmin>
			<ymin>170</ymin>
			<xmax>597</xmax>
			<ymax>190</ymax>
		</bndbox>
	</object>
	<object>
		<name>text</name>
		<pose>Unspecified</pose>
		<truncated>0</truncated>
		<difficult>0</difficult>
		<bndbox>
			<xmin>83</xmin>
			<ymin>146</ymin>
			<xmax>119</xmax>
			<ymax>182</ymax>
		</bndbox>
		<text>X</text>
	</object>
	<object>
		<name>junction</name>
		<pose>Unspecified</pose>
		<truncated>0</truncated>
		<difficult>0</difficult>
		<bndbox>
			<xmin>177</xmin>
			<ymin>246</ymin>
			<xmax>193</xmax>
			<ymax>262</ymax>
		</bndbox>
	</object>
	<object>
		<name>junction</name>
		<pose>Unspecified</pose>
		<truncated>0</truncated>
		<difficult>0</difficult>
		<bndbox>
			<xmin>597</xmin>
			<ymin>298</ymin>
			<xmax>613</xmax>
			<ymax>314</ymax>
		</bndbox>
	</object>
	<object>
		<name>junction</name>
		<pose>Unspecified</pose>
		<truncated>0</truncated>
		<difficult>0</difficult>
		<bndbox>
			<xmin>746</xmin>
			<ymin>199</ymin>
			<xmax>764</xmax>
			<ymax>217</ymax>
		</bndbox>
	</object>
	<object>
		<name>junction</name>
		<pose>Unspecified</pose>
		<truncated>0</truncated>
		<difficult>0</difficult>
		<bndbox>
			<xmin>193</xmin>
			<ymin>498</ymin>
			<xmax>207</xmax>
			<ymax>512</ymax>
		</bndbox>
	</object>
	<object>
		<name>junction</name>
		<pose>Unspecified</pose>
		<truncated>0</truncated>
		<difficult>0</difficult>
		<bndbox>
			<xmin>296</xmin>
			<ymin>202</ymin>
			<xmax>314</xmax>
			<ymax>218</ymax>
		</bndbox>
	</object>
	<object>
		<name>junction</name>
		<pose>Unspecified</pose>
		<truncated>0</truncated>
		<difficult>0</difficult>
		<bndbox>
			<xmin>208</xmin>
			<ymin>160</ymin>
			<xmax>226</xmax>
			<ymax>178</ymax>
		</bndbox>
	</object>
	<object>
		<name>junction</name>
		<pose>Unspecified</pose>
		<truncated>0</truncated>
		<difficult>0</difficult>
		<bndbox>
			<xmin>871</xmin>
			<ymin>506</ymin>
			<xmax>887</xmax>
			<ymax>522</ymax>
		</bndbox>
	</object>
	<object>
		<name>junction</name>
		<pose>Unspecified</pose>
		<truncated>0</truncated>
		<difficult>0</difficult>
		<bndbox>
			<xmin>301</xmin>
			<ymin>244</ymin>
			<xmax>315</xmax>
			<ymax>260</ymax>
		</bndbox>
	</object>
	<object>
		<name>junction</name>
		<pose>Unspecified</pose>
		<truncated>0</truncated>
		<difficult>0</difficult>
		<bndbox>
			<xmin>411</xmin>
			<ymin>543</ymin>
			<xmax>427</xmax>
			<ymax>559</ymax>
		</bndbox>
	</object>
	<object>
		<name>text</name>
		<pose>Unspecified</pose>
		<truncated>0</truncated>
		<difficult>0</difficult>
		<bndbox>
			<xmin>56</xmin>
			<ymin>413</ymin>
			<xmax>125</xmax>
			<ymax>469</ymax>
		</bndbox>
		<text>Bin</text>
	</object>
	<object>
		<name>junction</name>
		<pose>Unspecified</pose>
		<truncated>0</truncated>
		<difficult>0</difficult>
		<bndbox>
			<xmin>561</xmin>
			<ymin>509</ymin>
			<xmax>579</xmax>
			<ymax>527</ymax>
		</bndbox>
	</object>
	<object>
		<name>junction</name>
		<pose>Unspecified</pose>
		<truncated>0</truncated>
		<difficult>0</difficult>
		<bndbox>
			<xmin>875</xmin>
			<ymin>534</ymin>
			<xmax>891</xmax>
			<ymax>548</ymax>
		</bndbox>
	</object>
	<object>
		<name>terminal</name>
		<pose>Unspecified</pose>
		<truncated>0</truncated>
		<difficult>0</difficult>
		<bndbox>
			<xmin>126</xmin>
			<ymin>447</ymin>
			<xmax>154</xmax>
			<ymax>459</ymax>
		</bndbox>
	</object>
	<object>
		<name>junction</name>
		<pose>Unspecified</pose>
		<truncated>0</truncated>
		<difficult>0</difficult>
		<bndbox>
			<xmin>780</xmin>
			<ymin>430</ymin>
			<xmax>798</xmax>
			<ymax>448</ymax>
		</bndbox>
	</object>
	<object>
		<name>junction</name>
		<pose>Unspecified</pose>
		<truncated>0</truncated>
		<difficult>0</difficult>
		<bndbox>
			<xmin>116</xmin>
			<ymin>519</ymin>
			<xmax>130</xmax>
			<ymax>533</ymax>
		</bndbox>
	</object>
	<object>
		<name>junction</name>
		<pose>Unspecified</pose>
		<truncated>0</truncated>
		<difficult>0</difficult>
		<bndbox>
			<xmin>123</xmin>
			<ymin>629</ymin>
			<xmax>135</xmax>
			<ymax>641</ymax>
		</bndbox>
	</object>
	<object>
		<name>junction</name>
		<pose>Unspecified</pose>
		<truncated>0</truncated>
		<difficult>0</difficult>
		<bndbox>
			<xmin>399</xmin>
			<ymin>322</ymin>
			<xmax>411</xmax>
			<ymax>334</ymax>
		</bndbox>
	</object>
	<object>
		<name>text</name>
		<pose>Unspecified</pose>
		<truncated>0</truncated>
		<difficult>0</difficult>
		<bndbox>
			<xmin>99</xmin>
			<ymin>233</ymin>
			<xmax>127</xmax>
			<ymax>281</ymax>
		</bndbox>
		<text>Y</text>
	</object>
	<object>
		<name>crossover</name>
		<pose>Unspecified</pose>
		<truncated>0</truncated>
		<difficult>0</difficult>
		<bndbox>
			<xmin>193</xmin>
			<ymin>442</ymin>
			<xmax>207</xmax>
			<ymax>456</ymax>
		</bndbox>
	</object>
	<object>
		<name>crossover</name>
		<pose>Unspecified</pose>
		<truncated>0</truncated>
		<difficult>0</difficult>
		<bndbox>
			<xmin>221</xmin>
			<ymin>248</ymin>
			<xmax>237</xmax>
			<ymax>262</ymax>
		</bndbox>
	</object>
	<object>
		<name>junction</name>
		<pose>Unspecified</pose>
		<truncated>0</truncated>
		<difficult>0</difficult>
		<bndbox>
			<xmin>243</xmin>
			<ymin>528</ymin>
			<xmax>259</xmax>
			<ymax>544</ymax>
		</bndbox>
	</object>
	<object>
		<name>junction</name>
		<pose>Unspecified</pose>
		<truncated>0</truncated>
		<difficult>0</difficult>
		<bndbox>
			<xmin>166</xmin>
			<ymin>598</ymin>
			<xmax>178</xmax>
			<ymax>610</ymax>
		</bndbox>
	</object>
	<object>
		<name>terminal</name>
		<pose>Unspecified</pose>
		<truncated>0</truncated>
		<difficult>0</difficult>
		<bndbox>
			<xmin>140</xmin>
			<ymin>246</ymin>
			<xmax>152</xmax>
			<ymax>260</ymax>
		</bndbox>
	</object>
	<object>
		<name>and</name>
		<pose>Unspecified</pose>
		<truncated>0</truncated>
		<difficult>0</difficult>
		<bndbox>
			<xmin>633</xmin>
			<ymin>493</ymin>
			<xmax>723</xmax>
			<ymax>575</ymax>
			<rotation>4</rotation>
		</bndbox>
	</object>
	<object>
		<name>crossover</name>
		<pose>Unspecified</pose>
		<truncated>0</truncated>
		<difficult>0</difficult>
		<bndbox>
			<xmin>404</xmin>
			<ymin>438</ymin>
			<xmax>418</xmax>
			<ymax>452</ymax>
		</bndbox>
	</object>
	<object>
		<name>terminal</name>
		<pose>Unspecified</pose>
		<truncated>0</truncated>
		<difficult>0</difficult>
		<bndbox>
			<xmin>131</xmin>
			<ymin>158</ymin>
			<xmax>147</xmax>
			<ymax>174</ymax>
		</bndbox>
	</object>
	<object>
		<name>and</name>
		<pose>Unspecified</pose>
		<truncated>0</truncated>
		<difficult>0</difficult>
		<bndbox>
			<xmin>267</xmin>
			<ymin>580</ymin>
			<xmax>344</xmax>
			<ymax>648</ymax>
			<rotation>4</rotation>
		</bndbox>
	</object>
	<object>
		<name>junction</name>
		<pose>Unspecified</pose>
		<truncated>0</truncated>
		<difficult>0</difficult>
		<bndbox>
			<xmin>167</xmin>
			<ymin>545</ymin>
			<xmax>181</xmax>
			<ymax>557</ymax>
		</bndbox>
	</object>
	<object>
		<name>terminal</name>
		<pose>Unspecified</pose>
		<truncated>0</truncated>
		<difficult>0</difficult>
		<bndbox>
			<xmin>1175</xmin>
			<ymin>517</ymin>
			<xmax>1199</xmax>
			<ymax>537</ymax>
		</bndbox>
	</object>
	<object>
		<name>crossover</name>
		<pose>Unspecified</pose>
		<truncated>0</truncated>
		<difficult>0</difficult>
		<bndbox>
			<xmin>240</xmin>
			<ymin>441</ymin>
			<xmax>254</xmax>
			<ymax>455</ymax>
		</bndbox>
	</object>
	<object>
		<name>xor</name>
		<pose>Unspecified</pose>
		<truncated>0</truncated>
		<difficult>0</difficult>
		<bndbox>
			<xmin>857</xmin>
			<ymin>134</ymin>
			<xmax>1009</xmax>
			<ymax>227</ymax>
			<rotation>10</rotation>
		</bndbox>
	</object>
	<object>
		<name>xor</name>
		<pose>Unspecified</pose>
		<truncated>0</truncated>
		<difficult>0</difficult>
		<bndbox>
			<xmin>388</xmin>
			<ymin>130</ymin>
			<xmax>553</xmax>
			<ymax>244</ymax>
			<rotation>6</rotation>
		</bndbox>
	</object>
	<object>
		<name>terminal</name>
		<pose>Unspecified</pose>
		<truncated>0</truncated>
		<difficult>0</difficult>
		<bndbox>
			<xmin>1131</xmin>
			<ymin>148</ymin>
			<xmax>1163</xmax>
			<ymax>170</ymax>
		</bndbox>
	</object>
	<object>
		<name>or</name>
		<pose>Unspecified</pose>
		<truncated>0</truncated>
		<difficult>0</difficult>
		<bndbox>
			<xmin>941</xmin>
			<ymin>503</ymin>
			<xmax>1081</xmax>
			<ymax>596</ymax>
			<rotation>8</rotation>
		</bndbox>
	</object>
	<object>
		<name>not</name>
		<pose>Unspecified</pose>
		<truncated>0</truncated>
		<difficult>0</difficult>
		<bndbox>
			<xmin>449</xmin>
			<ymin>521</ymin>
			<xmax>501</xmax>
			<ymax>575</ymax>
		</bndbox>
	</object>
	<object>
		<name>not</name>
		<pose>Unspecified</pose>
		<truncated>0</truncated>
		<difficult>0</difficult>
		<bndbox>
			<xmin>197</xmin>
			<ymin>580</ymin>
			<xmax>237</xmax>
			<ymax>620</ymax>
		</bndbox>
	</object>
</annotation>
