<annotation>
	<folder>images</folder>
	<filename>C300_D1_P3.jpg</filename>
	<path>./drafter_25/images/C300_D1_P3.jpg</path>
	<source>
		<database>CGHD</database>
	</source>
	<size>
		<width>1000</width>
		<height>1000</height>
		<depth>3</depth>
	</size>
	<segmented>0</segmented>
	<object>
		<name>transistor.bjt</name>
		<pose>Unspecified</pose>
		<truncated>0</truncated>
		<difficult>0</difficult>
		<bndbox>
			<xmin>1001</xmin>
			<ymin>397</ymin>
			<xmax>1050</xmax>
			<ymax>457</ymax>
		</bndbox>
	</object>
	<object>
		<name>text</name>
		<pose>Unspecified</pose>
		<truncated>0</truncated>
		<difficult>0</difficult>
		<bndbox>
			<xmin>583</xmin>
			<ymin>362</ymin>
			<xmax>627</xmax>
			<ymax>402</ymax>
		</bndbox>
		<text>Q1</text>
	</object>
	<object>
		<name>text</name>
		<pose>Unspecified</pose>
		<truncated>0</truncated>
		<difficult>0</difficult>
		<bndbox>
			<xmin>1055</xmin>
			<ymin>407</ymin>
			<xmax>1109</xmax>
			<ymax>457</ymax>
		</bndbox>
		<text>Q4</text>
	</object>
	<object>
		<name>gnd</name>
		<pose>Unspecified</pose>
		<truncated>0</truncated>
		<difficult>0</difficult>
		<bndbox>
			<xmin>813</xmin>
			<ymin>653</ymin>
			<xmax>865</xmax>
			<ymax>687</ymax>
			<rotation>9</rotation>
		</bndbox>
	</object>
	<object>
		<name>text</name>
		<pose>Unspecified</pose>
		<truncated>0</truncated>
		<difficult>0</difficult>
		<bndbox>
			<xmin>725</xmin>
			<ymin>470</ymin>
			<xmax>785</xmax>
			<ymax>538</ymax>
		</bndbox>
		<text>R3</text>
	</object>
	<object>
		<name>text</name>
		<pose>Unspecified</pose>
		<truncated>0</truncated>
		<difficult>0</difficult>
		<bndbox>
			<xmin>410</xmin>
			<ymin>437</ymin>
			<xmax>468</xmax>
			<ymax>497</ymax>
		</bndbox>
		<text>D1</text>
	</object>
	<object>
		<name>text</name>
		<pose>Unspecified</pose>
		<truncated>0</truncated>
		<difficult>0</difficult>
		<bndbox>
			<xmin>308</xmin>
			<ymin>320</ymin>
			<xmax>424</xmax>
			<ymax>424</ymax>
		</bndbox>
		<text>Input</text>
	</object>
	<object>
		<name>text</name>
		<pose>Unspecified</pose>
		<truncated>0</truncated>
		<difficult>0</difficult>
		<bndbox>
			<xmin>1036</xmin>
			<ymin>249</ymin>
			<xmax>1084</xmax>
			<ymax>291</ymax>
		</bndbox>
		<text>Q3</text>
	</object>
	<object>
		<name>text</name>
		<pose>Unspecified</pose>
		<truncated>0</truncated>
		<difficult>0</difficult>
		<bndbox>
			<xmin>730</xmin>
			<ymin>73</ymin>
			<xmax>796</xmax>
			<ymax>103</ymax>
		</bndbox>
		<text>VCC</text>
	</object>
	<object>
		<name>text</name>
		<pose>Unspecified</pose>
		<truncated>0</truncated>
		<difficult>0</difficult>
		<bndbox>
			<xmin>698</xmin>
			<ymin>209</ymin>
			<xmax>758</xmax>
			<ymax>275</ymax>
		</bndbox>
		<text>R2</text>
	</object>
	<object>
		<name>text</name>
		<pose>Unspecified</pose>
		<truncated>0</truncated>
		<difficult>0</difficult>
		<bndbox>
			<xmin>796</xmin>
			<ymin>320</ymin>
			<xmax>856</xmax>
			<ymax>356</ymax>
		</bndbox>
		<text>Q2</text>
	</object>
	<object>
		<name>resistor</name>
		<pose>Unspecified</pose>
		<truncated>0</truncated>
		<difficult>0</difficult>
		<bndbox>
			<xmin>573</xmin>
			<ymin>219</ymin>
			<xmax>601</xmax>
			<ymax>291</ymax>
			<rotation>114</rotation>
		</bndbox>
	</object>
	<object>
		<name>text</name>
		<pose>Unspecified</pose>
		<truncated>0</truncated>
		<difficult>0</difficult>
		<bndbox>
			<xmin>926</xmin>
			<ymin>185</ymin>
			<xmax>980</xmax>
			<ymax>239</ymax>
		</bndbox>
		<text>R4</text>
	</object>
	<object>
		<name>junction</name>
		<pose>Unspecified</pose>
		<truncated>0</truncated>
		<difficult>0</difficult>
		<bndbox>
			<xmin>823</xmin>
			<ymin>623</ymin>
			<xmax>841</xmax>
			<ymax>641</ymax>
		</bndbox>
	</object>
	<object>
		<name>text</name>
		<pose>Unspecified</pose>
		<truncated>0</truncated>
		<difficult>0</difficult>
		<bndbox>
			<xmin>1153</xmin>
			<ymin>333</ymin>
			<xmax>1277</xmax>
			<ymax>419</ymax>
		</bndbox>
		<text>output</text>
	</object>
	<object>
		<name>junction</name>
		<pose>Unspecified</pose>
		<truncated>0</truncated>
		<difficult>0</difficult>
		<bndbox>
			<xmin>750</xmin>
			<ymin>153</ymin>
			<xmax>770</xmax>
			<ymax>173</ymax>
		</bndbox>
	</object>
	<object>
		<name>transistor.bjt</name>
		<pose>Unspecified</pose>
		<truncated>0</truncated>
		<difficult>0</difficult>
		<bndbox>
			<xmin>730</xmin>
			<ymin>303</ymin>
			<xmax>804</xmax>
			<ymax>385</ymax>
			<rotation>3</rotation>
		</bndbox>
	</object>
	<object>
		<name>resistor</name>
		<pose>Unspecified</pose>
		<truncated>0</truncated>
		<difficult>0</difficult>
		<bndbox>
			<xmin>992</xmin>
			<ymin>181</ymin>
			<xmax>1018</xmax>
			<ymax>241</ymax>
			<rotation>87</rotation>
		</bndbox>
	</object>
	<object>
		<name>text</name>
		<pose>Unspecified</pose>
		<truncated>0</truncated>
		<difficult>0</difficult>
		<bndbox>
			<xmin>508</xmin>
			<ymin>220</ymin>
			<xmax>566</xmax>
			<ymax>286</ymax>
		</bndbox>
		<text>R1</text>
	</object>
	<object>
		<name>junction</name>
		<pose>Unspecified</pose>
		<truncated>0</truncated>
		<difficult>0</difficult>
		<bndbox>
			<xmin>489</xmin>
			<ymin>361</ymin>
			<xmax>505</xmax>
			<ymax>377</ymax>
		</bndbox>
	</object>
	<object>
		<name>resistor</name>
		<pose>Unspecified</pose>
		<truncated>0</truncated>
		<difficult>0</difficult>
		<bndbox>
			<xmin>803</xmin>
			<ymin>462</ymin>
			<xmax>835</xmax>
			<ymax>552</ymax>
			<rotation>108</rotation>
		</bndbox>
	</object>
	<object>
		<name>junction</name>
		<pose>Unspecified</pose>
		<truncated>0</truncated>
		<difficult>0</difficult>
		<bndbox>
			<xmin>514</xmin>
			<ymin>614</ymin>
			<xmax>536</xmax>
			<ymax>634</ymax>
		</bndbox>
	</object>
	<object>
		<name>junction</name>
		<pose>Unspecified</pose>
		<truncated>0</truncated>
		<difficult>0</difficult>
		<bndbox>
			<xmin>567</xmin>
			<ymin>162</ymin>
			<xmax>587</xmax>
			<ymax>180</ymax>
		</bndbox>
	</object>
	<object>
		<name>junction</name>
		<pose>Unspecified</pose>
		<truncated>0</truncated>
		<difficult>0</difficult>
		<bndbox>
			<xmin>1045</xmin>
			<ymin>601</ymin>
			<xmax>1063</xmax>
			<ymax>619</ymax>
		</bndbox>
	</object>
	<object>
		<name>resistor</name>
		<pose>Unspecified</pose>
		<truncated>0</truncated>
		<difficult>0</difficult>
		<bndbox>
			<xmin>754</xmin>
			<ymin>206</ymin>
			<xmax>781</xmax>
			<ymax>283</ymax>
			<rotation>93</rotation>
		</bndbox>
	</object>
	<object>
		<name>junction</name>
		<pose>Unspecified</pose>
		<truncated>0</truncated>
		<difficult>0</difficult>
		<bndbox>
			<xmin>995</xmin>
			<ymin>153</ymin>
			<xmax>1011</xmax>
			<ymax>167</ymax>
		</bndbox>
	</object>
	<object>
		<name>junction</name>
		<pose>Unspecified</pose>
		<truncated>0</truncated>
		<difficult>0</difficult>
		<bndbox>
			<xmin>799</xmin>
			<ymin>429</ymin>
			<xmax>815</xmax>
			<ymax>445</ymax>
		</bndbox>
	</object>
	<object>
		<name>transistor.bjt</name>
		<pose>Unspecified</pose>
		<truncated>0</truncated>
		<difficult>0</difficult>
		<bndbox>
			<xmin>966</xmin>
			<ymin>246</ymin>
			<xmax>1032</xmax>
			<ymax>306</ymax>
			<rotation>2</rotation>
		</bndbox>
	</object>
	<object>
		<name>terminal</name>
		<pose>Unspecified</pose>
		<truncated>0</truncated>
		<difficult>0</difficult>
		<bndbox>
			<xmin>431</xmin>
			<ymin>364</ymin>
			<xmax>449</xmax>
			<ymax>380</ymax>
		</bndbox>
	</object>
	<object>
		<name>diode</name>
		<pose>Unspecified</pose>
		<truncated>0</truncated>
		<difficult>0</difficult>
		<bndbox>
			<xmin>489</xmin>
			<ymin>454</ymin>
			<xmax>525</xmax>
			<ymax>482</ymax>
			<rotation>90</rotation>
		</bndbox>
	</object>
	<object>
		<name>transistor.bjt</name>
		<pose>Unspecified</pose>
		<truncated>0</truncated>
		<difficult>0</difficult>
		<bndbox>
			<xmin>555</xmin>
			<ymin>328</ymin>
			<xmax>634</xmax>
			<ymax>372</ymax>
			<rotation>273</rotation>
		</bndbox>
	</object>
	<object>
		<name>junction</name>
		<pose>Unspecified</pose>
		<truncated>0</truncated>
		<difficult>0</difficult>
		<bndbox>
			<xmin>775</xmin>
			<ymin>287</ymin>
			<xmax>786</xmax>
			<ymax>298</ymax>
		</bndbox>
	</object>
	<object>
		<name>terminal</name>
		<pose>Unspecified</pose>
		<truncated>0</truncated>
		<difficult>0</difficult>
		<bndbox>
			<xmin>1142</xmin>
			<ymin>375</ymin>
			<xmax>1153</xmax>
			<ymax>387</ymax>
		</bndbox>
	</object>
	<object>
		<name>terminal</name>
		<pose>Unspecified</pose>
		<truncated>0</truncated>
		<difficult>0</difficult>
		<bndbox>
			<xmin>752</xmin>
			<ymin>105</ymin>
			<xmax>763</xmax>
			<ymax>115</ymax>
		</bndbox>
	</object>
	<object>
		<name>diode</name>
		<pose>Unspecified</pose>
		<truncated>0</truncated>
		<difficult>0</difficult>
		<bndbox>
			<xmin>1012</xmin>
			<ymin>355</ymin>
			<xmax>1052</xmax>
			<ymax>381</ymax>
			<rotation>275</rotation>
		</bndbox>
	</object>
	<object>
		<name>junction</name>
		<pose>Unspecified</pose>
		<truncated>0</truncated>
		<difficult>0</difficult>
		<bndbox>
			<xmin>1032</xmin>
			<ymin>385</ymin>
			<xmax>1044</xmax>
			<ymax>395</ymax>
		</bndbox>
	</object>
</annotation>
