<annotation>
	<folder>images</folder>
	<filename>C300_D2_P4.jpeg</filename>
	<path>./drafter_25/images/C300_D2_P4.jpeg</path>
	<source>
		<database>CGHD</database>
	</source>
	<size>
		<width>1000</width>
		<height>1000</height>
		<depth>3</depth>
	</size>
	<segmented>0</segmented>
	<object>
		<name>gnd</name>
		<pose>Unspecified</pose>
		<truncated>0</truncated>
		<difficult>0</difficult>
		<bndbox>
			<xmin>872</xmin>
			<ymin>936</ymin>
			<xmax>930</xmax>
			<ymax>984</ymax>
			<rotation>3</rotation>
		</bndbox>
	</object>
	<object>
		<name>transistor.bjt</name>
		<pose>Unspecified</pose>
		<truncated>0</truncated>
		<difficult>0</difficult>
		<bndbox>
			<xmin>1144</xmin>
			<ymin>442</ymin>
			<xmax>1212</xmax>
			<ymax>534</ymax>
		</bndbox>
	</object>
	<object>
		<name>transistor.bjt</name>
		<pose>Unspecified</pose>
		<truncated>0</truncated>
		<difficult>0</difficult>
		<bndbox>
			<xmin>1125</xmin>
			<ymin>623</ymin>
			<xmax>1219</xmax>
			<ymax>729</ymax>
		</bndbox>
	</object>
	<object>
		<name>text</name>
		<pose>Unspecified</pose>
		<truncated>0</truncated>
		<difficult>0</difficult>
		<bndbox>
			<xmin>1204</xmin>
			<ymin>461</ymin>
			<xmax>1262</xmax>
			<ymax>511</ymax>
		</bndbox>
		<text>Q3</text>
	</object>
	<object>
		<name>text</name>
		<pose>Unspecified</pose>
		<truncated>0</truncated>
		<difficult>0</difficult>
		<bndbox>
			<xmin>774</xmin>
			<ymin>391</ymin>
			<xmax>828</xmax>
			<ymax>449</ymax>
		</bndbox>
		<text>R2</text>
	</object>
	<object>
		<name>text</name>
		<pose>Unspecified</pose>
		<truncated>0</truncated>
		<difficult>0</difficult>
		<bndbox>
			<xmin>455</xmin>
			<ymin>364</ymin>
			<xmax>505</xmax>
			<ymax>430</ymax>
		</bndbox>
		<text>R1</text>
	</object>
	<object>
		<name>text</name>
		<pose>Unspecified</pose>
		<truncated>0</truncated>
		<difficult>0</difficult>
		<bndbox>
			<xmin>817</xmin>
			<ymin>218</ymin>
			<xmax>887</xmax>
			<ymax>256</ymax>
		</bndbox>
		<text>VCC</text>
	</object>
	<object>
		<name>text</name>
		<pose>Unspecified</pose>
		<truncated>0</truncated>
		<difficult>0</difficult>
		<bndbox>
			<xmin>1232</xmin>
			<ymin>562</ymin>
			<xmax>1288</xmax>
			<ymax>600</ymax>
		</bndbox>
		<text>D2</text>
	</object>
	<object>
		<name>text</name>
		<pose>Unspecified</pose>
		<truncated>0</truncated>
		<difficult>0</difficult>
		<bndbox>
			<xmin>1219</xmin>
			<ymin>652</ymin>
			<xmax>1269</xmax>
			<ymax>700</ymax>
		</bndbox>
		<text>Q4</text>
	</object>
	<object>
		<name>resistor</name>
		<pose>Unspecified</pose>
		<truncated>0</truncated>
		<difficult>0</difficult>
		<bndbox>
			<xmin>834</xmin>
			<ymin>383</ymin>
			<xmax>870</xmax>
			<ymax>459</ymax>
			<rotation>90</rotation>
		</bndbox>
	</object>
	<object>
		<name>text</name>
		<pose>Unspecified</pose>
		<truncated>0</truncated>
		<difficult>0</difficult>
		<bndbox>
			<xmin>520</xmin>
			<ymin>531</ymin>
			<xmax>572</xmax>
			<ymax>599</ymax>
		</bndbox>
		<text>Q1</text>
	</object>
	<object>
		<name>text</name>
		<pose>Unspecified</pose>
		<truncated>0</truncated>
		<difficult>0</difficult>
		<bndbox>
			<xmin>1115</xmin>
			<ymin>389</ymin>
			<xmax>1163</xmax>
			<ymax>441</ymax>
		</bndbox>
		<text>R4</text>
	</object>
	<object>
		<name>text</name>
		<pose>Unspecified</pose>
		<truncated>0</truncated>
		<difficult>0</difficult>
		<bndbox>
			<xmin>1373</xmin>
			<ymin>574</ymin>
			<xmax>1499</xmax>
			<ymax>642</ymax>
		</bndbox>
		<text>Output</text>
	</object>
	<object>
		<name>text</name>
		<pose>Unspecified</pose>
		<truncated>0</truncated>
		<difficult>0</difficult>
		<bndbox>
			<xmin>334</xmin>
			<ymin>663</ymin>
			<xmax>384</xmax>
			<ymax>711</ymax>
		</bndbox>
		<text>D1</text>
	</object>
	<object>
		<name>resistor</name>
		<pose>Unspecified</pose>
		<truncated>0</truncated>
		<difficult>0</difficult>
		<bndbox>
			<xmin>530</xmin>
			<ymin>375</ymin>
			<xmax>562</xmax>
			<ymax>451</ymax>
			<rotation>83</rotation>
		</bndbox>
	</object>
	<object>
		<name>resistor</name>
		<pose>Unspecified</pose>
		<truncated>0</truncated>
		<difficult>0</difficult>
		<bndbox>
			<xmin>872</xmin>
			<ymin>702</ymin>
			<xmax>910</xmax>
			<ymax>798</ymax>
			<rotation>262</rotation>
		</bndbox>
	</object>
	<object>
		<name>text</name>
		<pose>Unspecified</pose>
		<truncated>0</truncated>
		<difficult>0</difficult>
		<bndbox>
			<xmin>804</xmin>
			<ymin>713</ymin>
			<xmax>856</xmax>
			<ymax>779</ymax>
		</bndbox>
		<text>R3</text>
	</object>
	<object>
		<name>transistor.bjt</name>
		<pose>Unspecified</pose>
		<truncated>0</truncated>
		<difficult>0</difficult>
		<bndbox>
			<xmin>815</xmin>
			<ymin>489</ymin>
			<xmax>901</xmax>
			<ymax>607</ymax>
			<rotation>3</rotation>
		</bndbox>
	</object>
	<object>
		<name>text</name>
		<pose>Unspecified</pose>
		<truncated>0</truncated>
		<difficult>0</difficult>
		<bndbox>
			<xmin>144</xmin>
			<ymin>472</ymin>
			<xmax>278</xmax>
			<ymax>573</ymax>
		</bndbox>
		<text>Input</text>
	</object>
	<object>
		<name>text</name>
		<pose>Unspecified</pose>
		<truncated>0</truncated>
		<difficult>0</difficult>
		<bndbox>
			<xmin>869</xmin>
			<ymin>509</ymin>
			<xmax>935</xmax>
			<ymax>571</ymax>
		</bndbox>
		<text>Q2</text>
	</object>
	<object>
		<name>junction</name>
		<pose>Unspecified</pose>
		<truncated>0</truncated>
		<difficult>0</difficult>
		<bndbox>
			<xmin>881</xmin>
			<ymin>876</ymin>
			<xmax>903</xmax>
			<ymax>898</ymax>
		</bndbox>
	</object>
	<object>
		<name>junction</name>
		<pose>Unspecified</pose>
		<truncated>0</truncated>
		<difficult>0</difficult>
		<bndbox>
			<xmin>885</xmin>
			<ymin>652</ymin>
			<xmax>911</xmax>
			<ymax>676</ymax>
		</bndbox>
	</object>
	<object>
		<name>junction</name>
		<pose>Unspecified</pose>
		<truncated>0</truncated>
		<difficult>0</difficult>
		<bndbox>
			<xmin>388</xmin>
			<ymin>521</ymin>
			<xmax>410</xmax>
			<ymax>541</ymax>
		</bndbox>
	</object>
	<object>
		<name>junction</name>
		<pose>Unspecified</pose>
		<truncated>0</truncated>
		<difficult>0</difficult>
		<bndbox>
			<xmin>1202</xmin>
			<ymin>870</ymin>
			<xmax>1224</xmax>
			<ymax>892</ymax>
		</bndbox>
	</object>
	<object>
		<name>junction</name>
		<pose>Unspecified</pose>
		<truncated>0</truncated>
		<difficult>0</difficult>
		<bndbox>
			<xmin>415</xmin>
			<ymin>849</ymin>
			<xmax>435</xmax>
			<ymax>869</ymax>
		</bndbox>
	</object>
	<object>
		<name>junction</name>
		<pose>Unspecified</pose>
		<truncated>0</truncated>
		<difficult>0</difficult>
		<bndbox>
			<xmin>1174</xmin>
			<ymin>360</ymin>
			<xmax>1192</xmax>
			<ymax>376</ymax>
		</bndbox>
	</object>
	<object>
		<name>diode</name>
		<pose>Unspecified</pose>
		<truncated>0</truncated>
		<difficult>0</difficult>
		<bndbox>
			<xmin>384</xmin>
			<ymin>663</ymin>
			<xmax>442</xmax>
			<ymax>705</ymax>
			<rotation>90</rotation>
		</bndbox>
	</object>
	<object>
		<name>junction</name>
		<pose>Unspecified</pose>
		<truncated>0</truncated>
		<difficult>0</difficult>
		<bndbox>
			<xmin>542</xmin>
			<ymin>335</ymin>
			<xmax>566</xmax>
			<ymax>357</ymax>
		</bndbox>
	</object>
	<object>
		<name>terminal</name>
		<pose>Unspecified</pose>
		<truncated>0</truncated>
		<difficult>0</difficult>
		<bndbox>
			<xmin>1346</xmin>
			<ymin>610</ymin>
			<xmax>1366</xmax>
			<ymax>628</ymax>
		</bndbox>
	</object>
	<object>
		<name>diode</name>
		<pose>Unspecified</pose>
		<truncated>0</truncated>
		<difficult>0</difficult>
		<bndbox>
			<xmin>1185</xmin>
			<ymin>576</ymin>
			<xmax>1231</xmax>
			<ymax>610</ymax>
			<rotation>271</rotation>
		</bndbox>
	</object>
	<object>
		<name>terminal</name>
		<pose>Unspecified</pose>
		<truncated>0</truncated>
		<difficult>0</difficult>
		<bndbox>
			<xmin>308</xmin>
			<ymin>516</ymin>
			<xmax>332</xmax>
			<ymax>538</ymax>
		</bndbox>
	</object>
	<object>
		<name>junction</name>
		<pose>Unspecified</pose>
		<truncated>0</truncated>
		<difficult>0</difficult>
		<bndbox>
			<xmin>1198</xmin>
			<ymin>611</ymin>
			<xmax>1218</xmax>
			<ymax>631</ymax>
		</bndbox>
	</object>
	<object>
		<name>junction</name>
		<pose>Unspecified</pose>
		<truncated>0</truncated>
		<difficult>0</difficult>
		<bndbox>
			<xmin>852</xmin>
			<ymin>465</ymin>
			<xmax>872</xmax>
			<ymax>487</ymax>
		</bndbox>
	</object>
	<object>
		<name>transistor.bjt</name>
		<pose>Unspecified</pose>
		<truncated>0</truncated>
		<difficult>0</difficult>
		<bndbox>
			<xmin>495</xmin>
			<ymin>491</ymin>
			<xmax>598</xmax>
			<ymax>551</ymax>
			<rotation>267</rotation>
		</bndbox>
	</object>
	<object>
		<name>resistor</name>
		<pose>Unspecified</pose>
		<truncated>0</truncated>
		<difficult>0</difficult>
		<bndbox>
			<xmin>1168</xmin>
			<ymin>386</ymin>
			<xmax>1194</xmax>
			<ymax>446</ymax>
			<rotation>94</rotation>
		</bndbox>
	</object>
	<object>
		<name>terminal</name>
		<pose>Unspecified</pose>
		<truncated>0</truncated>
		<difficult>0</difficult>
		<bndbox>
			<xmin>831</xmin>
			<ymin>263</ymin>
			<xmax>851</xmax>
			<ymax>283</ymax>
		</bndbox>
	</object>
	<object>
		<name>crossover</name>
		<pose>Unspecified</pose>
		<truncated>0</truncated>
		<difficult>0</difficult>
		<bndbox>
			<xmin>838</xmin>
			<ymin>348</ymin>
			<xmax>859</xmax>
			<ymax>369</ymax>
		</bndbox>
	</object>
</annotation>
