<annotation>
	<folder>images</folder>
	<filename>C300_D1_P4.jpg</filename>
	<path>./drafter_25/images/C300_D1_P4.jpg</path>
	<source>
		<database>CGHD</database>
	</source>
	<size>
		<width>1000</width>
		<height>1000</height>
		<depth>3</depth>
	</size>
	<segmented>0</segmented>
	<object>
		<name>transistor.bjt</name>
		<pose>Unspecified</pose>
		<truncated>0</truncated>
		<difficult>0</difficult>
		<bndbox>
			<xmin>1017</xmin>
			<ymin>435</ymin>
			<xmax>1066</xmax>
			<ymax>498</ymax>
			<rotation>4</rotation>
		</bndbox>
	</object>
	<object>
		<name>text</name>
		<pose>Unspecified</pose>
		<truncated>0</truncated>
		<difficult>0</difficult>
		<bndbox>
			<xmin>1071</xmin>
			<ymin>445</ymin>
			<xmax>1125</xmax>
			<ymax>499</ymax>
		</bndbox>
		<text>Q4</text>
	</object>
	<object>
		<name>text</name>
		<pose>Unspecified</pose>
		<truncated>0</truncated>
		<difficult>0</difficult>
		<bndbox>
			<xmin>737</xmin>
			<ymin>513</ymin>
			<xmax>797</xmax>
			<ymax>587</ymax>
		</bndbox>
		<text>R3</text>
	</object>
	<object>
		<name>text</name>
		<pose>Unspecified</pose>
		<truncated>0</truncated>
		<difficult>0</difficult>
		<bndbox>
			<xmin>809</xmin>
			<ymin>349</ymin>
			<xmax>871</xmax>
			<ymax>389</ymax>
		</bndbox>
		<text>Q2</text>
	</object>
	<object>
		<name>gnd</name>
		<pose>Unspecified</pose>
		<truncated>0</truncated>
		<difficult>0</difficult>
		<bndbox>
			<xmin>825</xmin>
			<ymin>711</ymin>
			<xmax>877</xmax>
			<ymax>745</ymax>
			<rotation>11</rotation>
		</bndbox>
	</object>
	<object>
		<name>text</name>
		<pose>Unspecified</pose>
		<truncated>0</truncated>
		<difficult>0</difficult>
		<bndbox>
			<xmin>591</xmin>
			<ymin>396</ymin>
			<xmax>637</xmax>
			<ymax>440</ymax>
		</bndbox>
		<text>Q1</text>
	</object>
	<object>
		<name>text</name>
		<pose>Unspecified</pose>
		<truncated>0</truncated>
		<difficult>0</difficult>
		<bndbox>
			<xmin>1052</xmin>
			<ymin>274</ymin>
			<xmax>1100</xmax>
			<ymax>318</ymax>
		</bndbox>
		<text>Q3</text>
	</object>
	<object>
		<name>resistor</name>
		<pose>Unspecified</pose>
		<truncated>0</truncated>
		<difficult>0</difficult>
		<bndbox>
			<xmin>583</xmin>
			<ymin>243</ymin>
			<xmax>613</xmax>
			<ymax>317</ymax>
			<rotation>92</rotation>
		</bndbox>
	</object>
	<object>
		<name>text</name>
		<pose>Unspecified</pose>
		<truncated>0</truncated>
		<difficult>0</difficult>
		<bndbox>
			<xmin>417</xmin>
			<ymin>480</ymin>
			<xmax>479</xmax>
			<ymax>543</ymax>
			<rotation>5</rotation>
		</bndbox>
		<text>D1</text>
	</object>
	<object>
		<name>text</name>
		<pose>Unspecified</pose>
		<truncated>0</truncated>
		<difficult>0</difficult>
		<bndbox>
			<xmin>321</xmin>
			<ymin>350</ymin>
			<xmax>424</xmax>
			<ymax>464</ymax>
		</bndbox>
		<text>Input</text>
	</object>
	<object>
		<name>transistor.bjt</name>
		<pose>Unspecified</pose>
		<truncated>0</truncated>
		<difficult>0</difficult>
		<bndbox>
			<xmin>748</xmin>
			<ymin>334</ymin>
			<xmax>815</xmax>
			<ymax>422</ymax>
			<rotation>6</rotation>
		</bndbox>
	</object>
	<object>
		<name>text</name>
		<pose>Unspecified</pose>
		<truncated>0</truncated>
		<difficult>0</difficult>
		<bndbox>
			<xmin>743</xmin>
			<ymin>82</ymin>
			<xmax>807</xmax>
			<ymax>112</ymax>
		</bndbox>
		<text>VCC</text>
	</object>
	<object>
		<name>junction</name>
		<pose>Unspecified</pose>
		<truncated>0</truncated>
		<difficult>0</difficult>
		<bndbox>
			<xmin>763</xmin>
			<ymin>169</ymin>
			<xmax>783</xmax>
			<ymax>189</ymax>
		</bndbox>
	</object>
	<object>
		<name>junction</name>
		<pose>Unspecified</pose>
		<truncated>0</truncated>
		<difficult>0</difficult>
		<bndbox>
			<xmin>836</xmin>
			<ymin>677</ymin>
			<xmax>854</xmax>
			<ymax>697</ymax>
		</bndbox>
	</object>
	<object>
		<name>text</name>
		<pose>Unspecified</pose>
		<truncated>0</truncated>
		<difficult>0</difficult>
		<bndbox>
			<xmin>709</xmin>
			<ymin>228</ymin>
			<xmax>765</xmax>
			<ymax>296</ymax>
		</bndbox>
		<text>R2</text>
	</object>
	<object>
		<name>resistor</name>
		<pose>Unspecified</pose>
		<truncated>0</truncated>
		<difficult>0</difficult>
		<bndbox>
			<xmin>816</xmin>
			<ymin>505</ymin>
			<xmax>848</xmax>
			<ymax>603</ymax>
			<rotation>110</rotation>
		</bndbox>
	</object>
	<object>
		<name>text</name>
		<pose>Unspecified</pose>
		<truncated>0</truncated>
		<difficult>0</difficult>
		<bndbox>
			<xmin>1171</xmin>
			<ymin>366</ymin>
			<xmax>1291</xmax>
			<ymax>456</ymax>
		</bndbox>
		<text>output</text>
	</object>
	<object>
		<name>junction</name>
		<pose>Unspecified</pose>
		<truncated>0</truncated>
		<difficult>0</difficult>
		<bndbox>
			<xmin>496</xmin>
			<ymin>393</ymin>
			<xmax>514</xmax>
			<ymax>411</ymax>
		</bndbox>
	</object>
	<object>
		<name>junction</name>
		<pose>Unspecified</pose>
		<truncated>0</truncated>
		<difficult>0</difficult>
		<bndbox>
			<xmin>524</xmin>
			<ymin>668</ymin>
			<xmax>546</xmax>
			<ymax>690</ymax>
		</bndbox>
	</object>
	<object>
		<name>junction</name>
		<pose>Unspecified</pose>
		<truncated>0</truncated>
		<difficult>0</difficult>
		<bndbox>
			<xmin>1058</xmin>
			<ymin>655</ymin>
			<xmax>1076</xmax>
			<ymax>673</ymax>
		</bndbox>
	</object>
	<object>
		<name>junction</name>
		<pose>Unspecified</pose>
		<truncated>0</truncated>
		<difficult>0</difficult>
		<bndbox>
			<xmin>812</xmin>
			<ymin>468</ymin>
			<xmax>828</xmax>
			<ymax>486</ymax>
		</bndbox>
	</object>
	<object>
		<name>text</name>
		<pose>Unspecified</pose>
		<truncated>0</truncated>
		<difficult>0</difficult>
		<bndbox>
			<xmin>940</xmin>
			<ymin>203</ymin>
			<xmax>996</xmax>
			<ymax>259</ymax>
		</bndbox>
		<text>R4</text>
	</object>
	<object>
		<name>text</name>
		<pose>Unspecified</pose>
		<truncated>0</truncated>
		<difficult>0</difficult>
		<bndbox>
			<xmin>514</xmin>
			<ymin>244</ymin>
			<xmax>574</xmax>
			<ymax>312</ymax>
		</bndbox>
		<text>R1</text>
	</object>
	<object>
		<name>junction</name>
		<pose>Unspecified</pose>
		<truncated>0</truncated>
		<difficult>0</difficult>
		<bndbox>
			<xmin>577</xmin>
			<ymin>179</ymin>
			<xmax>595</xmax>
			<ymax>195</ymax>
		</bndbox>
	</object>
	<object>
		<name>junction</name>
		<pose>Unspecified</pose>
		<truncated>0</truncated>
		<difficult>0</difficult>
		<bndbox>
			<xmin>1012</xmin>
			<ymin>167</ymin>
			<xmax>1028</xmax>
			<ymax>181</ymax>
		</bndbox>
	</object>
	<object>
		<name>resistor</name>
		<pose>Unspecified</pose>
		<truncated>0</truncated>
		<difficult>0</difficult>
		<bndbox>
			<xmin>768</xmin>
			<ymin>223</ymin>
			<xmax>798</xmax>
			<ymax>305</ymax>
			<rotation>94</rotation>
		</bndbox>
	</object>
	<object>
		<name>resistor</name>
		<pose>Unspecified</pose>
		<truncated>0</truncated>
		<difficult>0</difficult>
		<bndbox>
			<xmin>1008</xmin>
			<ymin>200</ymin>
			<xmax>1034</xmax>
			<ymax>264</ymax>
			<rotation>89</rotation>
		</bndbox>
	</object>
	<object>
		<name>transistor.bjt</name>
		<pose>Unspecified</pose>
		<truncated>0</truncated>
		<difficult>0</difficult>
		<bndbox>
			<xmin>981</xmin>
			<ymin>269</ymin>
			<xmax>1049</xmax>
			<ymax>331</ymax>
			<rotation>3</rotation>
		</bndbox>
	</object>
	<object>
		<name>terminal</name>
		<pose>Unspecified</pose>
		<truncated>0</truncated>
		<difficult>0</difficult>
		<bndbox>
			<xmin>439</xmin>
			<ymin>398</ymin>
			<xmax>457</xmax>
			<ymax>416</ymax>
		</bndbox>
	</object>
	<object>
		<name>junction</name>
		<pose>Unspecified</pose>
		<truncated>0</truncated>
		<difficult>0</difficult>
		<bndbox>
			<xmin>786</xmin>
			<ymin>312</ymin>
			<xmax>802</xmax>
			<ymax>326</ymax>
		</bndbox>
	</object>
	<object>
		<name>transistor.bjt</name>
		<pose>Unspecified</pose>
		<truncated>0</truncated>
		<difficult>0</difficult>
		<bndbox>
			<xmin>559</xmin>
			<ymin>355</ymin>
			<xmax>643</xmax>
			<ymax>403</ymax>
			<rotation>271</rotation>
		</bndbox>
	</object>
	<object>
		<name>diode</name>
		<pose>Unspecified</pose>
		<truncated>0</truncated>
		<difficult>0</difficult>
		<bndbox>
			<xmin>1025</xmin>
			<ymin>385</ymin>
			<xmax>1071</xmax>
			<ymax>419</ymax>
			<rotation>273</rotation>
		</bndbox>
	</object>
	<object>
		<name>diode</name>
		<pose>Unspecified</pose>
		<truncated>0</truncated>
		<difficult>0</difficult>
		<bndbox>
			<xmin>499</xmin>
			<ymin>499</ymin>
			<xmax>532</xmax>
			<ymax>521</ymax>
			<rotation>91</rotation>
		</bndbox>
	</object>
	<object>
		<name>terminal</name>
		<pose>Unspecified</pose>
		<truncated>0</truncated>
		<difficult>0</difficult>
		<bndbox>
			<xmin>1158</xmin>
			<ymin>409</ymin>
			<xmax>1168</xmax>
			<ymax>423</ymax>
		</bndbox>
	</object>
	<object>
		<name>terminal</name>
		<pose>Unspecified</pose>
		<truncated>0</truncated>
		<difficult>0</difficult>
		<bndbox>
			<xmin>763</xmin>
			<ymin>116</ymin>
			<xmax>776</xmax>
			<ymax>127</ymax>
		</bndbox>
	</object>
	<object>
		<name>junction</name>
		<pose>Unspecified</pose>
		<truncated>0</truncated>
		<difficult>0</difficult>
		<bndbox>
			<xmin>1048</xmin>
			<ymin>421</ymin>
			<xmax>1059</xmax>
			<ymax>432</ymax>
		</bndbox>
	</object>
</annotation>
